motif_ID	motif_ALT_ID	motif_Score	seq_ID	seq_Score	seq_Class	is_holdout?
1-AGTATT	STREME-1	6.0e-005	NC_013967.1:426415-426604	11.59	tp	0
1-AGTATT	STREME-1	6.0e-005	NC_013967.1:859729-859879	11.59	tp	0
1-AGTATT	STREME-1	6.0e-005	NC_013967.1:988644-988894	10.66	tp	0
1-AGTATT	STREME-1	6.0e-005	NC_013967.1:2469668-2469880	9.89	tp	0
1-AGTATT	STREME-1	6.0e-005	NC_013967.1:1317527-1317777	9.89	tp	0
1-AGTATT	STREME-1	6.0e-005	NC_013967.1:1359238-1359322	9.89	tp	0
1-AGTATT	STREME-1	6.0e-005	NC_013967.1:430979-431229	9.34	tp	0
1-AGTATT	STREME-1	6.0e-005	NC_013967.1:461803-462053	9.34	tp	0
#
2-AYTYRCTCGVASGYGAST	STREME-2	3.6e-004	NC_013967.1:733857-733974	24.30	tp	0
2-AYTYRCTCGVASGYGAST	STREME-2	3.6e-004	NC_013967.1:430979-431229	21.15	tp	0
2-AYTYRCTCGVASGYGAST	STREME-2	3.6e-004	NC_013967.1:426415-426604	20.53	tp	0
2-AYTYRCTCGVASGYGAST	STREME-2	3.6e-004	NC_013967.1:1359238-1359322	19.67	tp	0
2-AYTYRCTCGVASGYGAST	STREME-2	3.6e-004	NC_013967.1:859729-859879	19.07	tp	0
2-AYTYRCTCGVASGYGAST	STREME-2	3.6e-004	NC_013967.1:988644-988894	18.73	tp	0
2-AYTYRCTCGVASGYGAST	STREME-2	3.6e-004	NC_013967.1:2469668-2469880	16.26	tp	0
#
3-CCCCGAG	STREME-3	3.6e-004	NC_013967.1:1317527-1317777	11.53	tp	0
3-CCCCGAG	STREME-3	3.6e-004	NC_013967.1:430979-431229	11.53	tp	0
3-CCCCGAG	STREME-3	3.6e-004	NC_013967.1:733857-733974	10.67	tp	0
3-CCCCGAG	STREME-3	3.6e-004	NC_013967.1:426415-426604	10.67	tp	0
3-CCCCGAG	STREME-3	3.6e-004	NC_013967.1:2469668-2469880	9.62	tp	0
3-CCCCGAG	STREME-3	3.6e-004	NC_013967.1:1359238-1359322	9.62	tp	0
3-CCCCGAG	STREME-3	3.6e-004	NC_013967.1:463211-463242	9.38	tp	0
#
4-CGGCGGCGASSG	STREME-4	3.6e-004	NC_013967.1:461803-462053	17.41	tp	0
4-CGGCGGCGASSG	STREME-4	3.6e-004	NC_013967.1:988644-988894	16.01	tp	0
4-CGGCGGCGASSG	STREME-4	3.6e-004	NC_013967.1:430979-431229	14.71	tp	0
4-CGGCGGCGASSG	STREME-4	3.6e-004	NC_013967.1:426415-426604	13.48	tp	0
4-CGGCGGCGASSG	STREME-4	3.6e-004	NC_013967.1:733857-733974	12.44	tp	0
4-CGGCGGCGASSG	STREME-4	3.6e-004	NC_013967.1:1317527-1317777	12.11	tp	0
4-CGGCGGCGASSG	STREME-4	3.6e-004	NC_013967.1:859729-859879	10.37	tp	0
4-CGGCGGCGASSG	STREME-4	3.6e-004	NC_013967.1:2469668-2469880	7.75	tp	0
#
5-GCGACCGA	STREME-5	1.5e-003	NC_013967.1:2469668-2469880	13.14	tp	0
5-GCGACCGA	STREME-5	1.5e-003	NC_013967.1:859729-859879	13.14	tp	0
5-GCGACCGA	STREME-5	1.5e-003	NC_013967.1:733857-733974	12.07	tp	0
5-GCGACCGA	STREME-5	1.5e-003	NC_013967.1:430979-431229	11.57	tp	0
5-GCGACCGA	STREME-5	1.5e-003	NC_013967.1:426415-426604	11.06	tp	0
5-GCGACCGA	STREME-5	1.5e-003	NC_013967.1:988644-988894	10.83	tp	0
