motif_id	motif_alt_id	sequence_name	start	stop	strand	score	p-value	q-value	matched_sequence
5-CGCCGGCKGCGCGR	STREME-5	NC_013966.1	487446	487459	+	19.2838	6.46e-08	0.000332	CGCCGGCGGCGCGA
5-CGCCGGCKGCGCGR	STREME-5	NC_013967.1	426423	426436	-	17.3311	5.41e-07	0.00139	CGCCGGCGGCGCAG
5-CGCCGGCKGCGCGR	STREME-5	NC_013964.1	329354	329367	-	16.5743	1.36e-06	0.00233	CGCCGGCGGCTCGT
5-CGCCGGCKGCGCGR	STREME-5	NC_013966.1	487443	487456	-	14.3378	8.31e-06	0.0107	CGCCGCCGGCGAGT
5-CGCCGGCKGCGCGR	STREME-5	NC_013967.1	1159569	1159582	-	13.6689	1.16e-05	0.0119	GGCCGGCAGCGTGG
5-CGCCGGCKGCGCGR	STREME-5	NC_013967.1	2477656	2477669	-	13.3851	1.42e-05	0.0122	CGCCGCCTGCGAGC
5-CGCCGGCKGCGCGR	STREME-5	NC_013967.1	814059	814072	-	13.1216	1.74e-05	0.0128	CGCCGACGGGCCGG
5-CGCCGGCKGCGCGR	STREME-5	NC_013966.1	462794	462807	+	12.5743	2.51e-05	0.0161	CGCCAGCTCTGCGA
5-CGCCGGCKGCGCGR	STREME-5	NC_013964.1	329360	329373	+	11.3446	4.55e-05	0.026	CGCCGGCGCGTCGC
5-CGCCGGCKGCGCGR	STREME-5	NC_013967.1	426426	426439	+	10.7162	6.45e-05	0.0331	CGCCGCCGGCGCTG

# FIMO (Find Individual Motif Occurrences): Version 5.5.1 compiled on Feb  5 2023 at 03:13:30
# The format of this file is described at http://localhost:8080/meme_5.5.1/doc/fimo-output-format.html.
# fimo --parse-genomic-coord --verbosity 1 --oc 0th_15bp_zoops/fimo_out_5 --bgfile 0th_15bp_zoops/0th_intergenic.txt --motif 5-CGCCGGCKGCGCGR 0th_15bp_zoops/streme_out/streme.xml ChIP_consensus.fna
