motif_id,motif_alt_id,sequence_name,start,stop,strand,score,p-value,q-value,matched_sequence
2-AYTYRCTCGVASGYGAST,STREME-2,NC_013966.1,336437,336454,+,24.1818,8.03E-10,0.00366,ACTCACTCGGACGCGAGT
2-AYTYRCTCGVASGYGAST,STREME-2,NC_013967.1,733922,733939,+,24.124,9.12E-10,0.00366,ACTCACTCGAAGGCGAGT
2-AYTYRCTCGVASGYGAST,STREME-2,NC_013967.1,1124111,1124128,+,23.124,3.97E-09,0.0106,ACTGACTCGAAGGTGAGT
2-AYTYRCTCGVASGYGAST,STREME-2,NC_013966.1,117357,117374,-,21.3967,3.23E-08,0.0519,ATTCGCTCGGTGGTGAGT
2-AYTYRCTCGVASGYGAST,STREME-2,NC_013966.1,421411,421428,+,21.3967,3.23E-08,0.0519,ATTCGCTCGGTGGTGAGT
2-AYTYRCTCGVASGYGAST,STREME-2,NC_013967.1,431184,431201,+,21.0165,4.50E-08,0.0602,ATTCGCTGGCAGGTGACT
2-AYTYRCTCGVASGYGAST,STREME-2,NC_013967.1,2841684,2841701,+,20.4959,7.61E-08,0.0838,ATTCGCTCGGCGGTGACT
2-AYTYRCTCGVASGYGAST,STREME-2,NC_013967.1,426529,426546,+,20.3967,8.35E-08,0.0838,ACTCACTCGCCCGAGAGT
2-AYTYRCTCGVASGYGAST,STREME-2,NC_013967.1,1359247,1359264,+,19.5455,1.69E-07,0.151,GTTTACTCGGACGTTAGT
2-AYTYRCTCGVASGYGAST,STREME-2,NC_013967.1,859778,859795,+,18.9504,2.66E-07,0.213,ACTCACGAGGATGCGACT
2-AYTYRCTCGVASGYGAST,STREME-2,NC_013967.1,988675,988692,+,18.6033,3.46E-07,0.253,ACTTATTCTATAGTGAGT
2-AYTYRCTCGVASGYGAST,STREME-2,NC_013966.1,31829,31846,+,18.0826,5.01E-07,0.284,ATTCACTCTAAAGAGAGA
2-AYTYRCTCGVASGYGAST,STREME-2,NC_013967.1,190062,190079,-,18.0165,5.22E-07,0.284,ATTCGCTCGGTCGAGATT
2-AYTYRCTCGVASGYGAST,STREME-2,NC_013967.1,1101632,1101649,-,17.9752,5.39E-07,0.284,ACTCGCTCGCACACGAGA
2-AYTYRCTCGVASGYGAST,STREME-2,NC_013967.1,2301809,2301826,+,17.9587,5.46E-07,0.284,AATCACTCGCAAGTGAGT
2-AYTYRCTCGVASGYGAST,STREME-2,NC_013967.1,2622154,2622171,+,17.9008,5.67E-07,0.284,ACTCGCTCGACGGTGACA
2-AYTYRCTCGVASGYGAST,STREME-2,NC_013967.1,966805,966822,-,17.5868,7.03E-07,0.321,ACTTCCTCGAACGCGAGT
2-AYTYRCTCGVASGYGAST,STREME-2,NC_013966.1,587492,587509,+,17.5537,7.20E-07,0.321,ACTCGCTCGGCGACGACT
2-AYTYRCTCGVASGYGAST,STREME-2,NC_013967.1,2716112,2716129,-,17.438,7.83E-07,0.324,ACTCGCTCGCCGGCGAGA
2-AYTYRCTCGVASGYGAST,STREME-2,NC_013966.1,229796,229813,-,17.3719,8.18E-07,0.324,ATTTGTTATGAAGCGACT
2-AYTYRCTCGVASGYGAST,STREME-2,NC_013967.1,2550116,2550133,+,17.3058,8.48E-07,0.324,ACTGGCTCGAAAACGACT
2-AYTYRCTCGVASGYGAST,STREME-2,NC_013967.1,2563957,2563974,-,17.1736,9.28E-07,0.338,ACTCACTCGCACCCGACT
2-AYTYRCTCGVASGYGAST,STREME-2,NC_013966.1,68376,68393,+,17.0331,1.01E-06,0.352,GTTGACTGGAAGGTGACT
2-AYTYRCTCGVASGYGAST,STREME-2,NC_013964.1,368666,368683,-,16.6364,1.29E-06,0.422,ACTCGCGCTCGCGTGACT
2-AYTYRCTCGVASGYGAST,STREME-2,NC_013967.1,324810,324827,-,16.5289,1.38E-06,0.422,ATTCGCTGGGTGATGACT
2-AYTYRCTCGVASGYGAST,STREME-2,NC_013967.1,1026958,1026975,+,16.5289,1.38E-06,0.422,ACTCGTTCGCGAGCGACT
2-AYTYRCTCGVASGYGAST,STREME-2,NC_013966.1,451245,451262,+,16.4876,1.42E-06,0.422,GCTTGCTCGACTGTGACT
2-AYTYRCTCGVASGYGAST,STREME-2,NC_013967.1,2469812,2469829,-,16.1653,1.72E-06,0.478,ATTTGCCCGGAGACGATT
2-AYTYRCTCGVASGYGAST,STREME-2,NC_013966.1,361361,361378,-,16.124,1.77E-06,0.478,GTTTGCTCGGATGAGATT
2-AYTYRCTCGVASGYGAST,STREME-2,NC_013967.1,1299464,1299481,+,16.0992,1.79E-06,0.478,GCTCACCATCAGGCGAGT
2-AYTYRCTCGVASGYGAST,STREME-2,NC_013967.1,2175146,2175163,+,15.9339,1.97E-06,0.511,ACTCGCTCGGACTCGACT
2-AYTYRCTCGVASGYGAST,STREME-2,NC_013967.1,2641318,2641335,+,15.5289,2.49E-06,0.624,ACTCATGCTCTTGTGAGT
2-AYTYRCTCGVASGYGAST,STREME-2,NC_013967.1,2051443,2051460,+,15.4132,2.67E-06,0.649,ACTCGCTCGGAGGCGACG
2-AYTYRCTCGVASGYGAST,STREME-2,NC_013967.1,1646786,1646803,+,15.314,2.82E-06,0.665,ACTCGCTCGGAATCGAGT
2-AYTYRCTCGVASGYGAST,STREME-2,NC_013967.1,374716,374733,+,15.2397,2.94E-06,0.674,ATTTACCAGACGGTGACA
2-AYTYRCTCGVASGYGAST,STREME-2,NC_013967.1,2792584,2792601,+,15.0992,3.18E-06,0.681,ATTTACTCGAATATAAGT
2-AYTYRCTCGVASGYGAST,STREME-2,NC_013967.1,1579730,1579747,-,15.0744,3.21E-06,0.681,ACGTACTCGACGGTGAGT
2-AYTYRCTCGVASGYGAST,STREME-2,NC_013966.1,507960,507977,-,15.0248,3.31E-06,0.681,ACTGGTTCGCAAGCGAGA
2-AYTYRCTCGVASGYGAST,STREME-2,NC_013967.1,1703821,1703838,-,15.0248,3.31E-06,0.681,ATTCGTTCGGGAGTTACT
2-AYTYRCTCGVASGYGAST,STREME-2,NC_013967.1,403482,403499,+,14.8843,3.57E-06,0.699,ACTTCCTCGCCCGCGAGT
2-AYTYRCTCGVASGYGAST,STREME-2,NC_013967.1,1642205,1642222,-,14.8843,3.57E-06,0.699,ACTTCCTCGGCCGCGAGT
2-AYTYRCTCGVASGYGAST,STREME-2,NC_013966.1,276071,276088,+,14.7769,3.79E-06,0.706,ACTCGCTCGTCGGCGAGT
2-AYTYRCTCGVASGYGAST,STREME-2,NC_013967.1,2395691,2395708,-,14.7769,3.79E-06,0.706,ACTCCCTCGCCGGCGAGT
2-AYTYRCTCGVASGYGAST,STREME-2,NC_013967.1,298231,298248,+,14.6529,4.06E-06,0.734,ACTCGCTGTGTCGCGAGA
2-AYTYRCTCGVASGYGAST,STREME-2,NC_013966.1,258083,258100,+,14.6281,4.12E-06,0.734,ATTCACGGGCTCGTGAGA
2-AYTYRCTCGVASGYGAST,STREME-2,NC_013967.1,593312,593329,-,14.5289,4.35E-06,0.758,ACTCGCCCGGCCACGACT
2-AYTYRCTCGVASGYGAST,STREME-2,NC_013966.1,14248,14265,+,14.4711,4.49E-06,0.766,GTTCGCTGGAATGTTACT
2-AYTYRCTCGVASGYGAST,STREME-2,NC_013967.1,154012,154029,-,14.4298,4.59E-06,0.768,ACTCGTCGGGAAGCGAGT
2-AYTYRCTCGVASGYGAST,STREME-2,NC_013967.1,426533,426550,-,14.3636,4.75E-06,0.779,ATTAACTCTCGGGCGAGT
2-AYTYRCTCGVASGYGAST,STREME-2,NC_013966.1,471282,471299,+,14.2645,5.02E-06,0.783,ACCCGTTCGAAGGTGAGT
2-AYTYRCTCGVASGYGAST,STREME-2,NC_013967.1,1915885,1915902,+,14.2645,5.02E-06,0.783,ATTTGCGAGATGGAGATT
2-AYTYRCTCGVASGYGAST,STREME-2,NC_013967.1,2233964,2233981,+,14.2397,5.09E-06,0.783,ACTCACCGGGACGATATT
2-AYTYRCTCGVASGYGAST,STREME-2,NC_013967.1,461839,461856,-,14.2149,5.17E-06,0.783,ACTGGCTATCGCGTGACA
2-AYTYRCTCGVASGYGAST,STREME-2,NC_013966.1,44545,44562,+,14.0992,5.49E-06,0.811,ACTCGCTCCGAAGAGACT
2-AYTYRCTCGVASGYGAST,STREME-2,NC_013967.1,911761,911778,-,14.0083,5.75E-06,0.811,ACTTGCTGGGCGATGAGA
2-AYTYRCTCGVASGYGAST,STREME-2,NC_013967.1,893539,893556,-,13.9091,6.06E-06,0.811,ACTCGCGGTCATGTTACT
2-AYTYRCTCGVASGYGAST,STREME-2,NC_013967.1,268743,268760,+,13.8926,6.12E-06,0.811,ACTTGCTCGGCTACGACA
2-AYTYRCTCGVASGYGAST,STREME-2,NC_013966.1,618881,618898,+,13.8926,6.12E-06,0.811,ACTCGCCCTGCGACGAGT
2-AYTYRCTCGVASGYGAST,STREME-2,NC_013967.1,1930794,1930811,-,13.876,6.16E-06,0.811,ACCCGCTCGGTCGTGACT
2-AYTYRCTCGVASGYGAST,STREME-2,NC_013966.1,223358,223375,+,13.8017,6.40E-06,0.811,GTTCACTCGCGCGAGACA
2-AYTYRCTCGVASGYGAST,STREME-2,NC_013967.1,193864,193881,+,13.7934,6.44E-06,0.811,ACTCGCTCAGCCGCGAGT
2-AYTYRCTCGVASGYGAST,STREME-2,NC_013967.1,678010,678027,+,13.7934,6.44E-06,0.811,ACTGGCTGGCCGACGAGT
2-AYTYRCTCGVASGYGAST,STREME-2,NC_013967.1,1500388,1500405,+,13.7934,6.44E-06,0.811,ACTCACTCGGCCGACAGT
2-AYTYRCTCGVASGYGAST,STREME-2,NC_013967.1,2301809,2301826,-,13.7686,6.52E-06,0.811,ACTCACTTGCGAGTGATT
2-AYTYRCTCGVASGYGAST,STREME-2,NC_013966.1,147178,147195,+,13.7521,6.57E-06,0.811,GCTCGCTGGAAGACGATT
2-AYTYRCTCGVASGYGAST,STREME-2,NC_013964.1,236760,236777,-,13.7107,6.72E-06,0.814,GTTCGCGCGCCCGCGAGT
2-AYTYRCTCGVASGYGAST,STREME-2,NC_013968.1,54153,54170,-,13.6612,6.89E-06,0.814,AATGACTCTCAGGCGATT
2-AYTYRCTCGVASGYGAST,STREME-2,NC_013967.1,1672612,1672629,+,13.595,7.14E-06,0.814,AGTCGCTCGACGGCGACT
2-AYTYRCTCGVASGYGAST,STREME-2,NC_013967.1,1731055,1731072,+,13.595,7.14E-06,0.814,ACCCACTCGCCGGTGATT
2-AYTYRCTCGVASGYGAST,STREME-2,NC_013967.1,2268671,2268688,+,13.5868,7.17E-06,0.814,ATTTGCTATCGCGATATT
2-AYTYRCTCGVASGYGAST,STREME-2,NC_013967.1,1485557,1485574,-,13.5785,7.20E-06,0.814,ACTCGCTCGGCGGTGACG
2-AYTYRCTCGVASGYGAST,STREME-2,NC_013967.1,1048955,1048972,-,13.5372,7.35E-06,0.819,ACTCACTCGCAGATCAGA
2-AYTYRCTCGVASGYGAST,STREME-2,NC_013966.1,247428,247445,-,13.5041,7.49E-06,0.821,ATTGGCTAGCGCGAGAGA
2-AYTYRCTCGVASGYGAST,STREME-2,NC_013967.1,876219,876236,-,13.4876,7.57E-06,0.821,ACTCGCCCTCGGACGACT
2-AYTYRCTCGVASGYGAST,STREME-2,NC_013967.1,509279,509296,-,13.4545,7.68E-06,0.822,ACTTCCTCGGCTGCGACT
2-AYTYRCTCGVASGYGAST,STREME-2,NC_013967.1,2238688,2238705,-,13.3884,7.97E-06,0.841,GGTCACTCGGATGCGACT
2-AYTYRCTCGVASGYGAST,STREME-2,NC_013967.1,2757781,2757798,+,13.3471,8.12E-06,0.846,ACTGGTTCGACCACGACT
2-AYTYRCTCGVASGYGAST,STREME-2,NC_013967.1,1436266,1436283,+,13.157,8.97E-06,0.873,ATTCACTACGACACGATT
2-AYTYRCTCGVASGYGAST,STREME-2,NC_013964.1,26397,26414,-,13.1322,9.07E-06,0.873,ACTGGCGAGGTCGTGAGA
2-AYTYRCTCGVASGYGAST,STREME-2,NC_013967.1,1685365,1685382,+,13.1322,9.07E-06,0.873,ACTCGCTCGAAGACGACC
2-AYTYRCTCGVASGYGAST,STREME-2,NC_013967.1,2661613,2661630,-,13.1322,9.07E-06,0.873,ATCCGCTCGAAGACGAGT
2-AYTYRCTCGVASGYGAST,STREME-2,NC_013967.1,1708801,1708818,+,13.0992,9.23E-06,0.873,GTTCGCTCGGACGTGGGT
2-AYTYRCTCGVASGYGAST,STREME-2,NC_013967.1,250844,250861,-,13.0909,9.27E-06,0.873,ACTCACTCGGTGATGACC
2-AYTYRCTCGVASGYGAST,STREME-2,NC_013966.1,602023,602040,+,13.0744,9.35E-06,0.873,GTTTATTCGACGGTTATT
2-AYTYRCTCGVASGYGAST,STREME-2,NC_013964.1,368651,368668,+,13.0413,9.49E-06,0.873,GCTCGCTCGAACCCGAGT
2-AYTYRCTCGVASGYGAST,STREME-2,NC_013967.1,525829,525846,+,13.0331,9.53E-06,0.873,ACTCGCTGGACGACTACT
2-AYTYRCTCGVASGYGAST,STREME-2,NC_013966.1,198837,198854,-,13.0248,9.57E-06,0.873,ATTGATTATCCGACGAGT
2-AYTYRCTCGVASGYGAST,STREME-2,NC_013967.1,2322732,2322749,-,13.0248,9.57E-06,0.873,ACTCACCCGCCGACGACA
2-AYTYRCTCGVASGYGAST,STREME-2,NC_013966.1,133622,133639,+,12.8926,1.02E-05,0.923,ACATACTGGCGCGTGAGT
2-AYTYRCTCGVASGYGAST,STREME-2,NC_013967.1,874394,874411,+,12.8347,1.05E-05,0.931,ATTGATTCGACTGCGACA
2-AYTYRCTCGVASGYGAST,STREME-2,NC_013967.1,2146236,2146253,-,12.8264,1.06E-05,0.931,ACTCGCTGCAACGCGATT
2-AYTYRCTCGVASGYGAST,STREME-2,NC_013966.1,42312,42329,-,12.6777,1.14E-05,0.95,AGTTACTCGGCGGTTATT
2-AYTYRCTCGVASGYGAST,STREME-2,NC_013968.1,57852,57869,+,12.6777,1.14E-05,0.95,ATTCACCCTCTCACGAGA
2-AYTYRCTCGVASGYGAST,STREME-2,NC_013967.1,2439142,2439159,+,12.6612,1.15E-05,0.95,ATGTACTCGAACATGAGA
2-AYTYRCTCGVASGYGAST,STREME-2,NC_013967.1,674713,674730,-,12.6529,1.15E-05,0.95,CCTCGCTCGCGGGCGACT
2-AYTYRCTCGVASGYGAST,STREME-2,NC_013967.1,860891,860908,+,12.6529,1.15E-05,0.95,ATTTACTCTGGACCGAGT
2-AYTYRCTCGVASGYGAST,STREME-2,NC_013966.1,611516,611533,-,12.6446,1.16E-05,0.95,ACGTGCCCGAAGGCGAGT
2-AYTYRCTCGVASGYGAST,STREME-2,NC_013967.1,2210380,2210397,+,12.6364,1.16E-05,0.95,GCTCGCTCGAAGCCGACT
2-AYTYRCTCGVASGYGAST,STREME-2,NC_013966.1,516263,516280,-,12.6033,1.18E-05,0.95,GCTGATTCGCCCGAGACT
2-AYTYRCTCGVASGYGAST,STREME-2,NC_013967.1,2505124,2505141,+,12.595,1.19E-05,0.95,ATTGACGCTCCCACGACT
2-AYTYRCTCGVASGYGAST,STREME-2,NC_013967.1,779943,779960,-,12.562,1.21E-05,0.95,ACTCACGTTGAGGCGATT
2-AYTYRCTCGVASGYGAST,STREME-2,NC_013966.1,40760,40777,+,12.5372,1.22E-05,0.95,ACTCGCGATACCGCGAGA
2-AYTYRCTCGVASGYGAST,STREME-2,NC_013967.1,2017223,2017240,-,12.5124,1.24E-05,0.95,ATTGATTAGCTAGTGATA
2-AYTYRCTCGVASGYGAST,STREME-2,NC_013967.1,1216871,1216888,-,12.4959,1.25E-05,0.95,ACTCGCTCGACACCGAGT
2-AYTYRCTCGVASGYGAST,STREME-2,NC_013966.1,324463,324480,-,12.4628,1.27E-05,0.95,CTTCGCTCGCACGCGACA
2-AYTYRCTCGVASGYGAST,STREME-2,NC_013967.1,1804273,1804290,-,12.4545,1.27E-05,0.95,ACGCGCTCGCCGGCGACT
2-AYTYRCTCGVASGYGAST,STREME-2,NC_013966.1,441207,441224,-,12.4463,1.28E-05,0.95,ATTTGCTTGGATGTGATA
2-AYTYRCTCGVASGYGAST,STREME-2,NC_013967.1,639361,639378,+,12.4463,1.28E-05,0.95,GTTCGCTCTCCCGTGATA
2-AYTYRCTCGVASGYGAST,STREME-2,NC_013967.1,1154962,1154979,+,12.4132,1.30E-05,0.95,ACTCGCTCGAACGCGGCA
2-AYTYRCTCGVASGYGAST,STREME-2,NC_013967.1,2641318,2641335,-,12.3802,1.32E-05,0.95,ACTCACAAGAGCATGAGT
2-AYTYRCTCGVASGYGAST,STREME-2,NC_013967.1,122792,122809,+,12.3471,1.34E-05,0.95,ATTCGCTGGCACGGGAGA
2-AYTYRCTCGVASGYGAST,STREME-2,NC_013965.1,1358,1375,+,12.3306,1.35E-05,0.95,ACTTGCTGTCGAGATACT
2-AYTYRCTCGVASGYGAST,STREME-2,NC_013967.1,2376263,2376280,-,12.3306,1.35E-05,0.95,ACTCGCGCGAACGCGACG
2-AYTYRCTCGVASGYGAST,STREME-2,NC_013967.1,2534476,2534493,+,12.314,1.37E-05,0.95,GCTCACCATGGAGCGAGT
2-AYTYRCTCGVASGYGAST,STREME-2,NC_013968.1,46902,46919,-,12.2975,1.38E-05,0.95,ACTCAATAGAACATGACA
2-AYTYRCTCGVASGYGAST,STREME-2,NC_013964.1,301091,301108,+,12.281,1.39E-05,0.95,GCTGACGCTGTCGCGACT
2-AYTYRCTCGVASGYGAST,STREME-2,NC_013967.1,1197471,1197488,+,12.281,1.39E-05,0.95,GTTCGCCCGCGAGCGACT
2-AYTYRCTCGVASGYGAST,STREME-2,NC_013967.1,264607,264624,+,12.2231,1.43E-05,0.95,GTTCGCGCGACAGCGACT
2-AYTYRCTCGVASGYGAST,STREME-2,NC_013964.1,368666,368683,+,12.2149,1.43E-05,0.95,AGTCACGCGAGCGCGAGT
2-AYTYRCTCGVASGYGAST,STREME-2,NC_013967.1,1677793,1677810,-,12.1818,1.46E-05,0.95,ATTTACTATGAAAGGATT
2-AYTYRCTCGVASGYGAST,STREME-2,NC_013964.1,221184,221201,-,12.1488,1.48E-05,0.95,ACTCGGTCGCCGGCGATT
2-AYTYRCTCGVASGYGAST,STREME-2,NC_013966.1,398317,398334,+,12.1405,1.49E-05,0.95,ACTTCCTCGGCGGCGAGA
2-AYTYRCTCGVASGYGAST,STREME-2,NC_013966.1,580296,580313,-,12.1405,1.49E-05,0.95,ATTGAGTCGAAAACGAGT
2-AYTYRCTCGVASGYGAST,STREME-2,NC_013967.1,2029572,2029589,+,12.1405,1.49E-05,0.95,ACCTACGAGGAAGCGAGT
2-AYTYRCTCGVASGYGAST,STREME-2,NC_013967.1,1974766,1974783,-,12.1157,1.51E-05,0.95,ATTCACAAGCAAGCGACA
2-AYTYRCTCGVASGYGAST,STREME-2,NC_013967.1,310211,310228,-,12.0992,1.52E-05,0.95,GCTCGCCCGCGCGTGAGA
2-AYTYRCTCGVASGYGAST,STREME-2,NC_013964.1,386930,386947,-,12.0909,1.53E-05,0.95,ACTCGCTCGACTCCGACT
2-AYTYRCTCGVASGYGAST,STREME-2,NC_013967.1,1213905,1213922,+,12.0909,1.53E-05,0.95,AATCGTCCGGACGTGACT
2-AYTYRCTCGVASGYGAST,STREME-2,NC_013964.1,213467,213484,+,12.0744,1.54E-05,0.95,ACTCAGTGGGGAGTGACT
2-AYTYRCTCGVASGYGAST,STREME-2,NC_013964.1,225590,225607,+,12.0744,1.54E-05,0.95,ACTCGCTGACGGGTGACT
2-AYTYRCTCGVASGYGAST,STREME-2,NC_013966.1,269809,269826,-,12.0496,1.56E-05,0.95,ACTTACCACCAAGAGAGT
2-AYTYRCTCGVASGYGAST,STREME-2,NC_013964.1,393290,393307,+,12.0248,1.57E-05,0.95,ACTGGCGCGAGCGCGACA
2-AYTYRCTCGVASGYGAST,STREME-2,NC_013967.1,1208994,1209011,+,12.0248,1.57E-05,0.95,GTTCACTCGAAACAGAGT
2-AYTYRCTCGVASGYGAST,STREME-2,NC_013967.1,924744,924761,+,11.9669,1.62E-05,0.951,ACTCGTTCGGATGCGTCT
2-AYTYRCTCGVASGYGAST,STREME-2,NC_013967.1,801567,801584,-,11.9504,1.63E-05,0.951,ACTGGCCGTCCCGCGAGT
2-AYTYRCTCGVASGYGAST,STREME-2,NC_013967.1,1758550,1758567,+,11.9256,1.65E-05,0.951,ATTCACCATCCCATGACA
2-AYTYRCTCGVASGYGAST,STREME-2,NC_013967.1,2226448,2226465,+,11.9174,1.66E-05,0.951,GCTCGCTCGACGACGAGA
2-AYTYRCTCGVASGYGAST,STREME-2,NC_013967.1,1944687,1944704,+,11.876,1.69E-05,0.951,TTTTATTCGCCTGTGAGT
2-AYTYRCTCGVASGYGAST,STREME-2,NC_013967.1,472358,472375,-,11.8678,1.70E-05,0.951,ACCTGCTCTACGGCGAGT
2-AYTYRCTCGVASGYGAST,STREME-2,NC_013967.1,1278227,1278244,-,11.8595,1.71E-05,0.951,ACTTCCCCGGGCGCGAGT
2-AYTYRCTCGVASGYGAST,STREME-2,NC_013967.1,2637075,2637092,+,11.8595,1.71E-05,0.951,ACTCGCTGGGCCGTCACT
2-AYTYRCTCGVASGYGAST,STREME-2,NC_013966.1,15647,15664,+,11.7851,1.77E-05,0.951,ACTCGTGCGCGGGCGACA
2-AYTYRCTCGVASGYGAST,STREME-2,NC_013966.1,17723,17740,-,11.7851,1.77E-05,0.951,ACTCGTGCGCGGGCGACA
2-AYTYRCTCGVASGYGAST,STREME-2,NC_013966.1,126921,126938,-,11.7851,1.77E-05,0.951,ACTCGTGCGCGGGCGACA
2-AYTYRCTCGVASGYGAST,STREME-2,NC_013967.1,248536,248553,+,11.7851,1.77E-05,0.951,ACTCGTGCGCGGGCGACA
2-AYTYRCTCGVASGYGAST,STREME-2,NC_013966.1,286956,286973,-,11.7851,1.77E-05,0.951,ACTCGTGCGCGGGCGACA
2-AYTYRCTCGVASGYGAST,STREME-2,NC_013967.1,492607,492624,+,11.7851,1.77E-05,0.951,ACTCGTGCGCGGGCGACA
2-AYTYRCTCGVASGYGAST,STREME-2,NC_013967.1,1557934,1557951,-,11.7851,1.77E-05,0.951,GTTGGCGCGGCCGCGAGT
2-AYTYRCTCGVASGYGAST,STREME-2,NC_013967.1,2654296,2654313,-,11.7851,1.77E-05,0.951,ACTCGTGCGCGGGCGACA
2-AYTYRCTCGVASGYGAST,STREME-2,NC_013967.1,1443525,1443542,-,11.7603,1.79E-05,0.958,ACTTGCGGTGCGACGAGT
2-AYTYRCTCGVASGYGAST,STREME-2,NC_013966.1,389871,389888,-,11.7355,1.81E-05,0.958,ACTTCCTCGGCGGCGACA
2-AYTYRCTCGVASGYGAST,STREME-2,NC_013964.1,221242,221259,+,11.7273,1.81E-05,0.958,GTTCGTCAGCTGGTGACT
2-AYTYRCTCGVASGYGAST,STREME-2,NC_013967.1,603578,603595,-,11.7025,1.84E-05,0.96,ACTGACGCGGACGCGACG
2-AYTYRCTCGVASGYGAST,STREME-2,NC_013966.1,329497,329514,+,11.6942,1.84E-05,0.96,ACTTACTCGCAGAACAGA
2-AYTYRCTCGVASGYGAST,STREME-2,NC_013967.1,565894,565911,+,11.6694,1.87E-05,0.964,ACGTGTTCGCCCGTGAGT
2-AYTYRCTCGVASGYGAST,STREME-2,NC_013967.1,2562381,2562398,+,11.6446,1.89E-05,0.964,ATGCACTCGGTGGCGAGA
2-AYTYRCTCGVASGYGAST,STREME-2,NC_013967.1,2542280,2542297,+,11.6281,1.90E-05,0.964,TCTCGCTCGGGAGCGACT
2-AYTYRCTCGVASGYGAST,STREME-2,NC_013964.1,420517,420534,+,11.6116,1.92E-05,0.964,ACTGGTTCGAACGCGAGG
2-AYTYRCTCGVASGYGAST,STREME-2,NC_013964.1,348244,348261,+,11.595,1.93E-05,0.964,ACCTGCTGGAGCGTGAGT
2-AYTYRCTCGVASGYGAST,STREME-2,NC_013967.1,2372065,2372082,+,11.595,1.93E-05,0.964,GGTCACTCGACGGCGACT
2-AYTYRCTCGVASGYGAST,STREME-2,NC_013967.1,802174,802191,+,11.5289,2.00E-05,0.964,ACTCGCTCGTCTACGAGT
2-AYTYRCTCGVASGYGAST,STREME-2,NC_013966.1,597452,597469,+,11.5207,2.00E-05,0.964,GCTCACTCGACGGTGACG
2-AYTYRCTCGVASGYGAST,STREME-2,NC_013967.1,1035889,1035906,-,11.5207,2.00E-05,0.964,ACGTGCTCTCGGGCGACT
2-AYTYRCTCGVASGYGAST,STREME-2,NC_013967.1,2584800,2584817,-,11.4876,2.04E-05,0.964,GTTCGCCGGGAGGCGAGA
2-AYTYRCTCGVASGYGAST,STREME-2,NC_013966.1,60833,60850,+,11.4793,2.05E-05,0.964,ACGTATTCGGCGGTGATT
2-AYTYRCTCGVASGYGAST,STREME-2,NC_013967.1,557806,557823,-,11.4298,2.09E-05,0.964,AGTCGCTCGCCGACGACT
2-AYTYRCTCGVASGYGAST,STREME-2,NC_013968.1,23112,23129,+,11.4215,2.10E-05,0.964,ACTCGCGGTCGTGAGACT
2-AYTYRCTCGVASGYGAST,STREME-2,NC_013967.1,552022,552039,+,11.4215,2.10E-05,0.964,ATTCGCTCGGCGGCGATG
2-AYTYRCTCGVASGYGAST,STREME-2,NC_013966.1,316945,316962,+,11.405,2.12E-05,0.964,ACGGACGCGGACGTGATT
2-AYTYRCTCGVASGYGAST,STREME-2,NC_013967.1,125884,125901,+,11.3719,2.15E-05,0.964,ATGTACTCGCGGACGACT
2-AYTYRCTCGVASGYGAST,STREME-2,NC_013967.1,189089,189106,+,11.3719,2.15E-05,0.964,AATCGCTCGACGACGACT
2-AYTYRCTCGVASGYGAST,STREME-2,NC_013967.1,386530,386547,-,11.3636,2.16E-05,0.964,TCTCGCCCGGAAGCGACT
2-AYTYRCTCGVASGYGAST,STREME-2,NC_013967.1,293093,293110,+,11.3471,2.18E-05,0.964,ACTCACCCGAAGACGACG
2-AYTYRCTCGVASGYGAST,STREME-2,NC_013967.1,1358164,1358181,-,11.3388,2.19E-05,0.964,ACTCGCTGGCCGTCGAGT
2-AYTYRCTCGVASGYGAST,STREME-2,NC_013967.1,1544988,1545005,+,11.3306,2.20E-05,0.964,GTTCCCTCGCGGGCGAGT
2-AYTYRCTCGVASGYGAST,STREME-2,NC_013967.1,2763547,2763564,-,11.314,2.21E-05,0.964,AGTCGCTCGCCCGCGAGA
2-AYTYRCTCGVASGYGAST,STREME-2,NC_013967.1,2573605,2573622,+,11.2893,2.24E-05,0.964,GCTGATTCGGCGGCGAGA
2-AYTYRCTCGVASGYGAST,STREME-2,NC_013968.1,56101,56118,-,11.281,2.25E-05,0.964,ACTGACTATGGCGATACA
2-AYTYRCTCGVASGYGAST,STREME-2,NC_013964.1,208742,208759,+,11.281,2.25E-05,0.964,ACCGATTCGGATGCGACT
2-AYTYRCTCGVASGYGAST,STREME-2,NC_013966.1,184887,184904,-,11.2727,2.26E-05,0.964,GCTCACGCTGGAGTGAGA
2-AYTYRCTCGVASGYGAST,STREME-2,NC_013967.1,857136,857153,+,11.2727,2.26E-05,0.964,GCTCGCGGGCGGGCGACT
2-AYTYRCTCGVASGYGAST,STREME-2,NC_013967.1,1994881,1994898,-,11.2727,2.26E-05,0.964,ACTCACGCGCCGGCGAGG
2-AYTYRCTCGVASGYGAST,STREME-2,NC_013967.1,2542727,2542744,+,11.2645,2.27E-05,0.964,GCTTGCCCTTACGTGAGT
2-AYTYRCTCGVASGYGAST,STREME-2,NC_013966.1,209784,209801,+,11.2562,2.28E-05,0.964,AATCGCTCGACCGCGAGA
2-AYTYRCTCGVASGYGAST,STREME-2,NC_013967.1,1685020,1685037,-,11.2562,2.28E-05,0.964,ACTTGCGGGGGAGCGAGA
2-AYTYRCTCGVASGYGAST,STREME-2,NC_013967.1,2719981,2719998,-,11.2479,2.29E-05,0.964,ACTGGCTCGCGCTCGACT
2-AYTYRCTCGVASGYGAST,STREME-2,NC_013967.1,1081547,1081564,+,11.2397,2.30E-05,0.964,ATGCGCTCGGAGGAGACA
2-AYTYRCTCGVASGYGAST,STREME-2,NC_013967.1,1971301,1971318,+,11.2231,2.31E-05,0.964,ATCGGCTCGGTCGCGAGT
2-AYTYRCTCGVASGYGAST,STREME-2,NC_013964.1,157938,157955,+,11.2149,2.32E-05,0.964,ACTGACGATGAGGTGAGC
2-AYTYRCTCGVASGYGAST,STREME-2,NC_013967.1,476491,476508,+,11.2066,2.33E-05,0.964,ATTCACGAGGTACTGAGT
2-AYTYRCTCGVASGYGAST,STREME-2,NC_013967.1,1694325,1694342,+,11.1901,2.35E-05,0.964,ACTGATTGTACGGCGAGA
2-AYTYRCTCGVASGYGAST,STREME-2,NC_013967.1,1139862,1139879,-,11.1653,2.38E-05,0.964,GCGCACTCGGAAGCGATT
2-AYTYRCTCGVASGYGAST,STREME-2,NC_013967.1,1945820,1945837,+,11.157,2.39E-05,0.964,TCTTACTCGCGTACGAGT
2-AYTYRCTCGVASGYGAST,STREME-2,NC_013967.1,2406996,2407013,+,11.1405,2.41E-05,0.964,ATCTGCGCGAAGATGAGT
2-AYTYRCTCGVASGYGAST,STREME-2,NC_013967.1,1052460,1052477,-,11.1157,2.43E-05,0.964,GCTCACTCGACGTCGACT
2-AYTYRCTCGVASGYGAST,STREME-2,NC_013967.1,2693177,2693194,-,11.1074,2.44E-05,0.964,ACTGCTTCGAAGACGAGT
2-AYTYRCTCGVASGYGAST,STREME-2,NC_013967.1,1755815,1755832,-,11.0909,2.46E-05,0.964,ACCCACGCGGACGCGAGA
2-AYTYRCTCGVASGYGAST,STREME-2,NC_013967.1,2676324,2676341,+,11.0826,2.47E-05,0.964,TCTGACGCGGAAGCGAGT
2-AYTYRCTCGVASGYGAST,STREME-2,NC_013967.1,100671,100688,-,11.0744,2.48E-05,0.964,ACTCGCGGTAGCGCGAGA
2-AYTYRCTCGVASGYGAST,STREME-2,NC_013967.1,1236763,1236780,+,11.0744,2.48E-05,0.964,ACTGGCTCGACGGCGAGC
2-AYTYRCTCGVASGYGAST,STREME-2,NC_013967.1,259696,259713,+,11.0579,2.50E-05,0.964,ACTTCCTCGACTGCGAGA
2-AYTYRCTCGVASGYGAST,STREME-2,NC_013966.1,451406,451423,+,11.0496,2.52E-05,0.964,ACTCATTGTCATGTGACC
2-AYTYRCTCGVASGYGAST,STREME-2,NC_013967.1,2158988,2159005,-,11.0496,2.52E-05,0.964,ATTCGCTATGGTCTGACT
2-AYTYRCTCGVASGYGAST,STREME-2,NC_013967.1,912855,912872,+,11.0165,2.55E-05,0.964,ACTCACCCGAGGGCGCGT
2-AYTYRCTCGVASGYGAST,STREME-2,NC_013966.1,247895,247912,-,11.0083,2.56E-05,0.964,ACTCGCGAGCCGACGACA
2-AYTYRCTCGVASGYGAST,STREME-2,NC_013967.1,2207067,2207084,+,10.9917,2.58E-05,0.964,ACTGACTAGTCAGTTAGT
2-AYTYRCTCGVASGYGAST,STREME-2,NC_013966.1,181149,181166,-,10.9669,2.61E-05,0.964,GCTGACTGGGACGCGAAT
2-AYTYRCTCGVASGYGAST,STREME-2,NC_013968.1,26244,26261,+,10.9587,2.62E-05,0.964,ATTTACGCTGAGGACATT
2-AYTYRCTCGVASGYGAST,STREME-2,NC_013964.1,305534,305551,-,10.9504,2.63E-05,0.964,ACTCGCTCGCCCACCACT
2-AYTYRCTCGVASGYGAST,STREME-2,NC_013966.1,321861,321878,+,10.9421,2.64E-05,0.964,ACACGCTCGGACAAGATT
2-AYTYRCTCGVASGYGAST,STREME-2,NC_013967.1,1441394,1441411,-,10.9421,2.64E-05,0.964,ACTCGTTATCCTGAGACA
2-AYTYRCTCGVASGYGAST,STREME-2,NC_013964.1,104791,104808,-,10.9339,2.65E-05,0.964,ACTCGCAGTGAGGTGAGA
2-AYTYRCTCGVASGYGAST,STREME-2,NC_013966.1,125220,125237,-,10.8926,2.70E-05,0.964,ATCTACGATGATGCGAGT
2-AYTYRCTCGVASGYGAST,STREME-2,NC_013967.1,744728,744745,-,10.8843,2.71E-05,0.964,ACTGACGCGGTCGTCACT
2-AYTYRCTCGVASGYGAST,STREME-2,NC_013966.1,460974,460991,-,10.8678,2.73E-05,0.964,GCTCACCCTCCCGTGATA
2-AYTYRCTCGVASGYGAST,STREME-2,NC_013967.1,2334745,2334762,-,10.843,2.77E-05,0.964,GTTAGCTATGAGGAGAGT
2-AYTYRCTCGVASGYGAST,STREME-2,NC_013967.1,1658023,1658040,-,10.8347,2.78E-05,0.964,ACTCGTTCGGCGGCGAGG
2-AYTYRCTCGVASGYGAST,STREME-2,NC_013967.1,1026958,1026975,-,10.8099,2.80E-05,0.964,AGTCGCTCGCGAACGAGT
2-AYTYRCTCGVASGYGAST,STREME-2,NC_013967.1,2131020,2131037,+,10.7934,2.82E-05,0.964,ATTCACCCCCAGGAGAGA
2-AYTYRCTCGVASGYGAST,STREME-2,NC_013967.1,507357,507374,+,10.7769,2.85E-05,0.964,ATTCGTGATGTGACGACT
2-AYTYRCTCGVASGYGAST,STREME-2,NC_013966.1,616151,616168,-,10.7686,2.86E-05,0.964,GCTCGCGGTCAGGCTACT
2-AYTYRCTCGVASGYGAST,STREME-2,NC_013967.1,1986383,1986400,-,10.7603,2.87E-05,0.964,ACTCGCCCGGCAACGACA
2-AYTYRCTCGVASGYGAST,STREME-2,NC_013967.1,2266583,2266600,+,10.7603,2.87E-05,0.964,ACTGGGTCGCAAACGACT
2-AYTYRCTCGVASGYGAST,STREME-2,NC_013967.1,154780,154797,-,10.7438,2.89E-05,0.964,GCTCGCTCGGGCGTGAGC
2-AYTYRCTCGVASGYGAST,STREME-2,NC_013967.1,1004003,1004020,+,10.7438,2.89E-05,0.964,ACTCGCCGGCGAGCGACA
2-AYTYRCTCGVASGYGAST,STREME-2,NC_013967.1,1835976,1835993,-,10.7438,2.89E-05,0.964,ACTCGCGGGCGAGCGACA
2-AYTYRCTCGVASGYGAST,STREME-2,NC_013968.1,70592,70609,-,10.7273,2.91E-05,0.964,ATTCTTCCGAACGTTAGT
2-AYTYRCTCGVASGYGAST,STREME-2,NC_013967.1,384212,384229,-,10.7273,2.91E-05,0.964,ACTGGCTCGGCGGCGACG
2-AYTYRCTCGVASGYGAST,STREME-2,NC_013967.1,1516737,1516754,-,10.7273,2.91E-05,0.964,ACTCGCCGTCGGGCGACA
2-AYTYRCTCGVASGYGAST,STREME-2,NC_013966.1,630646,630663,+,10.7107,2.93E-05,0.964,ATTTTTTCGAACGTTACA
2-AYTYRCTCGVASGYGAST,STREME-2,NC_013967.1,1468764,1468781,+,10.7025,2.94E-05,0.964,ACGCGCGCGACGGTGAGT
2-AYTYRCTCGVASGYGAST,STREME-2,NC_013967.1,401310,401327,+,10.686,2.96E-05,0.964,ACCTGCTGGAAGGCGAGA
2-AYTYRCTCGVASGYGAST,STREME-2,NC_013967.1,2631962,2631979,-,10.686,2.96E-05,0.964,ACGTGTTCGACGGCGAGT
2-AYTYRCTCGVASGYGAST,STREME-2,NC_013967.1,1182731,1182748,-,10.6694,2.99E-05,0.964,GCTGACTCGGAGGAGCGT
2-AYTYRCTCGVASGYGAST,STREME-2,NC_013964.1,322342,322359,-,10.6612,3.00E-05,0.964,ACGTGCTCGGAAATGAGA
2-AYTYRCTCGVASGYGAST,STREME-2,NC_013967.1,377872,377889,-,10.6529,3.01E-05,0.964,ACTCGCTCGGACACGCGA
2-AYTYRCTCGVASGYGAST,STREME-2,NC_013967.1,1361348,1361365,-,10.6529,3.01E-05,0.964,ACTTGCAGGGAAACGAGT
2-AYTYRCTCGVASGYGAST,STREME-2,NC_013967.1,1813997,1814014,-,10.6529,3.01E-05,0.964,GCGTGCTCGCCGGTGAGT
2-AYTYRCTCGVASGYGAST,STREME-2,NC_013966.1,66303,66320,+,10.6446,3.02E-05,0.964,ACTGATTTTCAGGCTAGT
2-AYTYRCTCGVASGYGAST,STREME-2,NC_013967.1,2244301,2244318,-,10.6364,3.04E-05,0.964,ACCCGTTCGGCGGCGAGT
2-AYTYRCTCGVASGYGAST,STREME-2,NC_013967.1,2808618,2808635,+,10.6364,3.04E-05,0.964,ACGCGCTCGCCGACGAGT
2-AYTYRCTCGVASGYGAST,STREME-2,NC_013967.1,568333,568350,+,10.6281,3.05E-05,0.964,ACTCGTGGTGGTGCGAGT
2-AYTYRCTCGVASGYGAST,STREME-2,NC_013967.1,1710115,1710132,+,10.6281,3.05E-05,0.964,AGTCGCGCGCGGGCGACT
2-AYTYRCTCGVASGYGAST,STREME-2,NC_013967.1,1710115,1710132,-,10.6281,3.05E-05,0.964,AGTCGCCCGCGCGCGACT
2-AYTYRCTCGVASGYGAST,STREME-2,NC_013967.1,2606858,2606875,+,10.6281,3.05E-05,0.964,ACGCGCTCGCTCATGATT
2-AYTYRCTCGVASGYGAST,STREME-2,NC_013967.1,988675,988692,-,10.6198,3.06E-05,0.964,ACTCACTATAGAATAAGT
2-AYTYRCTCGVASGYGAST,STREME-2,NC_013967.1,1962411,1962428,+,10.6198,3.06E-05,0.964,GCTTCCTCGCCAGCGAGT
2-AYTYRCTCGVASGYGAST,STREME-2,NC_013967.1,2365997,2366014,-,10.6116,3.07E-05,0.964,GCGGACTCGAACGAGAGT
2-AYTYRCTCGVASGYGAST,STREME-2,NC_013964.1,226420,226437,-,10.6033,3.08E-05,0.964,ACTCGCTCGCCCGAGATG
2-AYTYRCTCGVASGYGAST,STREME-2,NC_013967.1,558944,558961,-,10.6033,3.08E-05,0.964,CCTCGCTCGGGAGCGATT
2-AYTYRCTCGVASGYGAST,STREME-2,NC_013966.1,625376,625393,+,10.5868,3.10E-05,0.964,ACTCGCCAGCAGGAGACC
2-AYTYRCTCGVASGYGAST,STREME-2,NC_013967.1,1867280,1867297,-,10.5785,3.12E-05,0.964,ACCCGTTCGACGGCGAGT
2-AYTYRCTCGVASGYGAST,STREME-2,NC_013967.1,1543888,1543905,-,10.5537,3.16E-05,0.964,GCTCGCTCCCCCGCGAGT
2-AYTYRCTCGVASGYGAST,STREME-2,NC_013967.1,2008702,2008719,-,10.5455,3.17E-05,0.964,ACCAACTCGCACGTGATT
2-AYTYRCTCGVASGYGAST,STREME-2,NC_013966.1,95587,95604,-,10.5372,3.18E-05,0.964,GTTCGCACGGAAGAGAGT
2-AYTYRCTCGVASGYGAST,STREME-2,NC_013966.1,175759,175776,+,10.5372,3.18E-05,0.964,ACTTGCTCGGCCTCGACA
2-AYTYRCTCGVASGYGAST,STREME-2,NC_013967.1,871198,871215,-,10.5372,3.18E-05,0.964,ATGTGCTCGGCGACGAGT
2-AYTYRCTCGVASGYGAST,STREME-2,NC_013967.1,2613923,2613940,-,10.5289,3.19E-05,0.964,ACGGGCTCGGCGGCGACT
2-AYTYRCTCGVASGYGAST,STREME-2,NC_013967.1,136146,136163,-,10.5207,3.20E-05,0.964,ACTCGTGAGGAGGTGGGT
2-AYTYRCTCGVASGYGAST,STREME-2,NC_013967.1,2478301,2478318,-,10.5041,3.22E-05,0.964,GCTTGCGAGCGGGCGAGA
2-AYTYRCTCGVASGYGAST,STREME-2,NC_013964.1,383996,384013,+,10.4793,3.26E-05,0.964,ATTCACCATGATGTGATC
2-AYTYRCTCGVASGYGAST,STREME-2,NC_013967.1,1387680,1387697,-,10.4793,3.26E-05,0.964,AATTTCTCTGAGGCGAGT
2-AYTYRCTCGVASGYGAST,STREME-2,NC_013967.1,1141386,1141403,+,10.4463,3.31E-05,0.964,GTTCACTCGGGCGCGACG
2-AYTYRCTCGVASGYGAST,STREME-2,NC_013966.1,163654,163671,-,10.438,3.33E-05,0.964,ATTCGCTGTACCGTGAGG
2-AYTYRCTCGVASGYGAST,STREME-2,NC_013964.1,395324,395341,-,10.4298,3.34E-05,0.964,TCTCGTTCGCGGGCGACT
2-AYTYRCTCGVASGYGAST,STREME-2,NC_013967.1,2274232,2274249,-,10.4298,3.34E-05,0.964,ACCGGCTCGGGGGTGATT
2-AYTYRCTCGVASGYGAST,STREME-2,NC_013967.1,2483309,2483326,-,10.405,3.37E-05,0.964,ACGCGCTCGCGAGCGATT
2-AYTYRCTCGVASGYGAST,STREME-2,NC_013967.1,1676143,1676160,-,10.3967,3.39E-05,0.964,ATCCACTCGAAGGTGAGC
2-AYTYRCTCGVASGYGAST,STREME-2,NC_013967.1,677375,677392,+,10.3719,3.43E-05,0.964,ACTCGCCCGCACGCTCGT
2-AYTYRCTCGVASGYGAST,STREME-2,NC_013967.1,1604916,1604933,+,10.3554,3.46E-05,0.964,TCTCGCTCCCACGTGAGT
2-AYTYRCTCGVASGYGAST,STREME-2,NC_013966.1,55449,55466,-,10.3471,3.47E-05,0.964,GCTCACGAAGAGGCGACT
2-AYTYRCTCGVASGYGAST,STREME-2,NC_013964.1,259909,259926,+,10.3223,3.51E-05,0.964,ATTCGCGAGAACGAGACG
2-AYTYRCTCGVASGYGAST,STREME-2,NC_013967.1,1428054,1428071,-,10.3223,3.51E-05,0.964,GCTGGTTCTCCAGCGACT
2-AYTYRCTCGVASGYGAST,STREME-2,NC_013967.1,2610367,2610384,+,10.314,3.52E-05,0.964,ACCCGCCCGAAGACGAGT
2-AYTYRCTCGVASGYGAST,STREME-2,NC_013967.1,1543237,1543254,-,10.3058,3.54E-05,0.964,ACTGGCCCGAAGAGGAGT
2-AYTYRCTCGVASGYGAST,STREME-2,NC_013967.1,2207071,2207088,-,10.3058,3.54E-05,0.964,ACTCACTAACTGACTAGT
2-AYTYRCTCGVASGYGAST,STREME-2,NC_013967.1,619251,619268,+,10.281,3.57E-05,0.964,GCTCGGTCGACGGCGAGT
2-AYTYRCTCGVASGYGAST,STREME-2,NC_013967.1,2558808,2558825,+,10.281,3.57E-05,0.964,ACGTGTTCGACCGCGACT
2-AYTYRCTCGVASGYGAST,STREME-2,NC_013967.1,994432,994449,+,10.2727,3.59E-05,0.964,ATCGACGCGGAGGCGATT
2-AYTYRCTCGVASGYGAST,STREME-2,NC_013967.1,1919453,1919470,+,10.2727,3.59E-05,0.964,TTTTGTTCGACGGCGACT
2-AYTYRCTCGVASGYGAST,STREME-2,NC_013967.1,1202523,1202540,-,10.2645,3.60E-05,0.964,ATCGACTCGCCGATGACT
2-AYTYRCTCGVASGYGAST,STREME-2,NC_013967.1,1385535,1385552,-,10.2479,3.63E-05,0.964,ATACACTATCTAGTTAGT
2-AYTYRCTCGVASGYGAST,STREME-2,NC_013967.1,2806455,2806472,-,10.2397,3.64E-05,0.964,GCTCGCTCGCCTGTAAGT
2-AYTYRCTCGVASGYGAST,STREME-2,NC_013964.1,330106,330123,+,10.2314,3.66E-05,0.964,ACGCGCTCGCCCACGACT
2-AYTYRCTCGVASGYGAST,STREME-2,NC_013967.1,685806,685823,+,10.2314,3.66E-05,0.964,ACCCGCTCGGCGACGACT
2-AYTYRCTCGVASGYGAST,STREME-2,NC_013966.1,391537,391554,+,10.2231,3.67E-05,0.964,ACTGGCTCGCCACCGACT
2-AYTYRCTCGVASGYGAST,STREME-2,NC_013967.1,527822,527839,-,10.2231,3.67E-05,0.964,ATTCGCTCGGGGACGACG
2-AYTYRCTCGVASGYGAST,STREME-2,NC_013966.1,579186,579203,+,10.2231,3.67E-05,0.964,ACTGGCTCGTCGACGACT
2-AYTYRCTCGVASGYGAST,STREME-2,NC_013967.1,1281729,1281746,+,10.2149,3.68E-05,0.964,ACCCGCTCGTAGGCGAGT
2-AYTYRCTCGVASGYGAST,STREME-2,NC_013967.1,1186276,1186293,+,10.1983,3.71E-05,0.964,ACTTGCCCGACCCCGACT
2-AYTYRCTCGVASGYGAST,STREME-2,NC_013967.1,2694429,2694446,+,10.1983,3.71E-05,0.964,ACTCATCAGCCGGAGATA
2-AYTYRCTCGVASGYGAST,STREME-2,NC_013968.1,44180,44197,-,10.1818,3.73E-05,0.964,GTTCGCGAGCTTGTGACA
2-AYTYRCTCGVASGYGAST,STREME-2,NC_013967.1,1781744,1781761,-,10.157,3.78E-05,0.964,TCTTACTCGGAGCCGACT
2-AYTYRCTCGVASGYGAST,STREME-2,NC_013967.1,2501798,2501815,+,10.1488,3.80E-05,0.964,CCTGATTCGCCCGCGAGT
2-AYTYRCTCGVASGYGAST,STREME-2,NC_013967.1,2526891,2526908,-,10.1488,3.80E-05,0.964,ATTCGCGCGCGGGTGGCT
2-AYTYRCTCGVASGYGAST,STREME-2,NC_013967.1,2790528,2790545,+,10.1322,3.83E-05,0.964,GTTCGCTCGGCGTCGAGT
2-AYTYRCTCGVASGYGAST,STREME-2,NC_013966.1,159897,159914,-,10.1074,3.87E-05,0.964,ATTCGGTCTCCGACGAGT
2-AYTYRCTCGVASGYGAST,STREME-2,NC_013968.1,34714,34731,-,10.0992,3.88E-05,0.964,ATGTACTCGAAGGTGACG
2-AYTYRCTCGVASGYGAST,STREME-2,NC_013964.1,149438,149455,-,10.0992,3.88E-05,0.964,GCTCGCTCGAAGACGCGT
2-AYTYRCTCGVASGYGAST,STREME-2,NC_013967.1,2555461,2555478,+,10.0744,3.93E-05,0.964,ATATACTAGGAAGTGAAT
2-AYTYRCTCGVASGYGAST,STREME-2,NC_013967.1,1958136,1958153,-,10.0579,3.96E-05,0.964,ACTCGATAGCCCGCGAGA
2-AYTYRCTCGVASGYGAST,STREME-2,NC_013966.1,182632,182649,+,10.0496,3.98E-05,0.964,ACTGCCTCGACGGCGAGA
2-AYTYRCTCGVASGYGAST,STREME-2,NC_013968.1,29174,29191,-,10,4.06E-05,0.964,GTTGACGAGGTCGCGAGA
2-AYTYRCTCGVASGYGAST,STREME-2,NC_013967.1,2455411,2455428,-,10,4.06E-05,0.964,ACTGGCTCGGTCGAGCCT
2-AYTYRCTCGVASGYGAST,STREME-2,NC_013967.1,2578222,2578239,+,10,4.06E-05,0.964,AGTGGCTCGGTGACGACT
2-AYTYRCTCGVASGYGAST,STREME-2,NC_013966.1,195217,195234,-,9.98347,4.09E-05,0.964,ACAGGCTCGAATACGACT
2-AYTYRCTCGVASGYGAST,STREME-2,NC_013967.1,1738269,1738286,+,9.98347,4.09E-05,0.964,ACCCGCGAGGGCGTGAGT
2-AYTYRCTCGVASGYGAST,STREME-2,NC_013966.1,460813,460830,-,9.97521,4.10E-05,0.964,ATTTGCTGGATCCTTACT
2-AYTYRCTCGVASGYGAST,STREME-2,NC_013966.1,36630,36647,+,9.96694,4.12E-05,0.964,AATCACTCGAAGAGGACT
2-AYTYRCTCGVASGYGAST,STREME-2,NC_013967.1,504965,504982,+,9.96694,4.12E-05,0.964,GCTGACGGGCGAGCGAGT
2-AYTYRCTCGVASGYGAST,STREME-2,NC_013967.1,1827792,1827809,-,9.95868,4.13E-05,0.964,ACTTCCTCGAAATCGAGT
2-AYTYRCTCGVASGYGAST,STREME-2,NC_013967.1,2200325,2200342,+,9.95041,4.15E-05,0.964,ACTCGTGGGCGGGCGAGA
2-AYTYRCTCGVASGYGAST,STREME-2,NC_013966.1,381992,382009,-,9.90083,4.24E-05,0.964,ACTGTCCCGAACGCTACT
2-AYTYRCTCGVASGYGAST,STREME-2,NC_013967.1,733922,733939,-,9.89256,4.25E-05,0.964,ACTCGCCTTCGAGTGAGT
2-AYTYRCTCGVASGYGAST,STREME-2,NC_013967.1,749277,749294,+,9.89256,4.25E-05,0.964,GCTCGCTCGAAGACGACC
2-AYTYRCTCGVASGYGAST,STREME-2,NC_013966.1,539077,539094,-,9.8843,4.27E-05,0.964,ACCTGCCCGACGGCGAGT
2-AYTYRCTCGVASGYGAST,STREME-2,NC_013967.1,1831580,1831597,-,9.87603,4.28E-05,0.964,GCTCGCTCGACGCCGACT
2-AYTYRCTCGVASGYGAST,STREME-2,NC_013967.1,102823,102840,-,9.86777,4.30E-05,0.964,GCTTACTCGGGCTTGAGA
2-AYTYRCTCGVASGYGAST,STREME-2,NC_013967.1,2728557,2728574,+,9.86777,4.30E-05,0.964,GCTTGTCCTGATACGACT
2-AYTYRCTCGVASGYGAST,STREME-2,NC_013967.1,1779097,1779114,+,9.85124,4.34E-05,0.964,ACTCGCCCGGAGGCGTGA
2-AYTYRCTCGVASGYGAST,STREME-2,NC_013967.1,1875180,1875197,-,9.85124,4.34E-05,0.964,ACTCACTCAGTCCTGAGT
2-AYTYRCTCGVASGYGAST,STREME-2,NC_013967.1,1974146,1974163,+,9.85124,4.34E-05,0.964,GCTCGCTCGATGGCGACG
2-AYTYRCTCGVASGYGAST,STREME-2,NC_013967.1,251630,251647,-,9.83471,4.37E-05,0.964,ACTGACGAGGACGTTCGT
2-AYTYRCTCGVASGYGAST,STREME-2,NC_013967.1,870473,870490,+,9.83471,4.37E-05,0.964,ACTCGCTGTACGTCGACT
2-AYTYRCTCGVASGYGAST,STREME-2,NC_013966.1,180473,180490,-,9.82645,4.39E-05,0.964,GCCTACGAGGAAGTGAGT
2-AYTYRCTCGVASGYGAST,STREME-2,NC_013967.1,1421010,1421027,-,9.82645,4.39E-05,0.964,ATTCGCGCTGGGGTAACT
2-AYTYRCTCGVASGYGAST,STREME-2,NC_013966.1,75471,75488,-,9.81818,4.40E-05,0.964,ACTGACCAGCGCACTATT
2-AYTYRCTCGVASGYGAST,STREME-2,NC_013967.1,128554,128571,-,9.81818,4.40E-05,0.964,ACATGCTCGCCCGCGACA
2-AYTYRCTCGVASGYGAST,STREME-2,NC_013964.1,285268,285285,-,9.81818,4.40E-05,0.964,GCTCGCTCGGCCGCGAGG
2-AYTYRCTCGVASGYGAST,STREME-2,NC_013967.1,1321176,1321193,-,9.81818,4.40E-05,0.964,ACGTGCTCGCCCGCGACA
2-AYTYRCTCGVASGYGAST,STREME-2,NC_013967.1,171968,171985,-,9.80992,4.42E-05,0.964,AGTCGCGGGGTGGTGACT
2-AYTYRCTCGVASGYGAST,STREME-2,NC_013967.1,2129258,2129275,-,9.80992,4.42E-05,0.964,ACTCGCGCGAAAATGTCT
2-AYTYRCTCGVASGYGAST,STREME-2,NC_013967.1,2163530,2163547,+,9.80992,4.42E-05,0.964,GTTGAGTCTAACGTTAGT
2-AYTYRCTCGVASGYGAST,STREME-2,NC_013967.1,212902,212919,+,9.80165,4.43E-05,0.964,ATTCTCTCGCACGCGACG
2-AYTYRCTCGVASGYGAST,STREME-2,NC_013967.1,2647411,2647428,+,9.80165,4.43E-05,0.964,AGTTACTTGCGGGTGACT
2-AYTYRCTCGVASGYGAST,STREME-2,NC_013967.1,2557224,2557241,-,9.78512,4.46E-05,0.964,ACGTACTCGAACGCGAGG
2-AYTYRCTCGVASGYGAST,STREME-2,NC_013966.1,20075,20092,-,9.7686,4.49E-05,0.964,ATTCGCCCTACGTTGACT
2-AYTYRCTCGVASGYGAST,STREME-2,NC_013967.1,2132656,2132673,-,9.7686,4.49E-05,0.964,ATTTCTTCGAGGACGACT
2-AYTYRCTCGVASGYGAST,STREME-2,NC_013966.1,84146,84163,+,9.73554,4.56E-05,0.964,ATTCGCTCGGACGTCGGT
2-AYTYRCTCGVASGYGAST,STREME-2,NC_013967.1,1894609,1894626,+,9.73554,4.56E-05,0.964,ATGTGTTAGAATATGACT
2-AYTYRCTCGVASGYGAST,STREME-2,NC_013968.1,14180,14197,+,9.72727,4.58E-05,0.964,CTTCACCAGAGGGTGATT
2-AYTYRCTCGVASGYGAST,STREME-2,NC_013967.1,189222,189239,+,9.72727,4.58E-05,0.964,GATGACTCGCCCGCGACT
2-AYTYRCTCGVASGYGAST,STREME-2,NC_013967.1,1290258,1290275,+,9.72727,4.58E-05,0.964,GCGTGCTCGCCCGCGAGT
2-AYTYRCTCGVASGYGAST,STREME-2,NC_013966.1,475503,475520,+,9.71901,4.59E-05,0.964,ACTGACTCTGATGCGTCA
2-AYTYRCTCGVASGYGAST,STREME-2,NC_013966.1,497974,497991,-,9.71901,4.59E-05,0.964,GCTCGCTCGTCGGTGAGA
2-AYTYRCTCGVASGYGAST,STREME-2,NC_013967.1,912855,912872,-,9.71901,4.59E-05,0.964,ACGCGCCCTCGGGTGAGT
2-AYTYRCTCGVASGYGAST,STREME-2,NC_013967.1,1915444,1915461,+,9.71901,4.59E-05,0.964,ATTGACTCTGTCGTTGCT
2-AYTYRCTCGVASGYGAST,STREME-2,NC_013966.1,621037,621054,+,9.71074,4.61E-05,0.964,GCTCGCTCGCTCGCGTCT
2-AYTYRCTCGVASGYGAST,STREME-2,NC_013967.1,1732977,1732994,+,9.71074,4.61E-05,0.964,ACGCGCTCGCCCGCGACA
2-AYTYRCTCGVASGYGAST,STREME-2,NC_013967.1,2468825,2468842,+,9.71074,4.61E-05,0.964,ACTCGCTCGGGCGCGGCA
2-AYTYRCTCGVASGYGAST,STREME-2,NC_013967.1,234749,234766,-,9.70248,4.62E-05,0.964,ATTCACCATATTTTGACT
2-AYTYRCTCGVASGYGAST,STREME-2,NC_013967.1,1674118,1674135,-,9.70248,4.62E-05,0.964,ACGTGCTCTCCGACGAGT
2-AYTYRCTCGVASGYGAST,STREME-2,NC_013964.1,85863,85880,-,9.68595,4.65E-05,0.964,GCCTGCTCGAACGCGAGA
2-AYTYRCTCGVASGYGAST,STREME-2,NC_013967.1,402600,402617,+,9.68595,4.65E-05,0.964,GCCTGCTCGAAGGCGAGA
2-AYTYRCTCGVASGYGAST,STREME-2,NC_013967.1,535639,535656,+,9.68595,4.65E-05,0.964,GCTGTCTCGAAGACGACT
2-AYTYRCTCGVASGYGAST,STREME-2,NC_013967.1,1406622,1406639,-,9.66942,4.68E-05,0.964,GTTCGCCATCCGGTGACA
2-AYTYRCTCGVASGYGAST,STREME-2,NC_013964.1,38754,38771,+,9.66116,4.70E-05,0.964,GCTCGCGCGGATGATAGA
2-AYTYRCTCGVASGYGAST,STREME-2,NC_013964.1,232402,232419,-,9.66116,4.70E-05,0.964,ACCTGTTCGAGCGAGAGT
2-AYTYRCTCGVASGYGAST,STREME-2,NC_013967.1,1643702,1643719,+,9.66116,4.70E-05,0.964,ACCTGCTCGACTACGAGT
2-AYTYRCTCGVASGYGAST,STREME-2,NC_013967.1,1863408,1863425,+,9.66116,4.70E-05,0.964,ACGTGTTCGAGCGAGAGT
2-AYTYRCTCGVASGYGAST,STREME-2,NC_013967.1,2250426,2250443,-,9.64463,4.74E-05,0.964,GTTTGCGCGCGAGCGACA
2-AYTYRCTCGVASGYGAST,STREME-2,NC_013967.1,2785613,2785630,-,9.64463,4.74E-05,0.964,ATTCGCTGGACATCGACT
2-AYTYRCTCGVASGYGAST,STREME-2,NC_013966.1,612599,612616,+,9.63636,4.76E-05,0.964,CTTCGTTCGCATGTTATT
2-AYTYRCTCGVASGYGAST,STREME-2,NC_013967.1,1159465,1159482,-,9.63636,4.76E-05,0.964,ATTTGTTCTAGCGCGAGG
2-AYTYRCTCGVASGYGAST,STREME-2,NC_013967.1,1929860,1929877,+,9.63636,4.76E-05,0.964,ATTCGTTCAGTGGTGACA
2-AYTYRCTCGVASGYGAST,STREME-2,NC_013966.1,134244,134261,+,9.6281,4.78E-05,0.964,ACACACGCTGCCGCGACT
2-AYTYRCTCGVASGYGAST,STREME-2,NC_013967.1,259062,259079,-,9.6281,4.78E-05,0.964,ATTCGCCGTGGGATGAGA
2-AYTYRCTCGVASGYGAST,STREME-2,NC_013967.1,1903857,1903874,-,9.61983,4.80E-05,0.964,ATTCTTTGGCATGCTAGT
2-AYTYRCTCGVASGYGAST,STREME-2,NC_013964.1,339559,339576,+,9.61157,4.81E-05,0.964,GCTCGCGCGAACTCGACT
2-AYTYRCTCGVASGYGAST,STREME-2,NC_013967.1,944121,944138,+,9.61157,4.81E-05,0.964,AGTCGTTCGCGGGTGACA
2-AYTYRCTCGVASGYGAST,STREME-2,NC_013967.1,1978817,1978834,+,9.61157,4.81E-05,0.964,ACTTCCCCGCTGGCGAGA
2-AYTYRCTCGVASGYGAST,STREME-2,NC_013967.1,2546943,2546960,+,9.61157,4.81E-05,0.964,GCTTACTGGAAGGTGCGA
2-AYTYRCTCGVASGYGAST,STREME-2,NC_013967.1,2293474,2293491,-,9.60331,4.83E-05,0.964,ATTTACGGGAGAACGACA
2-AYTYRCTCGVASGYGAST,STREME-2,NC_013964.1,34626,34643,-,9.58678,4.87E-05,0.964,AATCGCTCGCTGACGAGA
2-AYTYRCTCGVASGYGAST,STREME-2,NC_013964.1,130708,130725,-,9.58678,4.87E-05,0.964,ACTCACGCGGAGACTAGG
2-AYTYRCTCGVASGYGAST,STREME-2,NC_013964.1,211079,211096,-,9.58678,4.87E-05,0.964,AGTCGTTCGGTGGCGAGA
2-AYTYRCTCGVASGYGAST,STREME-2,NC_013967.1,257933,257950,+,9.58678,4.87E-05,0.964,AGTCGCTCGCTGGCTAGA
2-AYTYRCTCGVASGYGAST,STREME-2,NC_013967.1,1484003,1484020,-,9.57025,4.90E-05,0.964,TCTCGCCCGAGCGCGACT
2-AYTYRCTCGVASGYGAST,STREME-2,NC_013968.1,2139,2156,-,9.56198,4.92E-05,0.964,ATTTGCCCTACGAAGACA
2-AYTYRCTCGVASGYGAST,STREME-2,NC_013967.1,1595653,1595670,-,9.56198,4.92E-05,0.964,TTTCGTTCGAAAGCGAGA
2-AYTYRCTCGVASGYGAST,STREME-2,NC_013967.1,2037284,2037301,+,9.56198,4.92E-05,0.964,ATTCGCTTTCCTACGAGT
2-AYTYRCTCGVASGYGAST,STREME-2,NC_013968.1,36883,36900,+,9.54545,4.96E-05,0.964,ATGCACTCGGATCTGACT
2-AYTYRCTCGVASGYGAST,STREME-2,NC_013966.1,431053,431070,-,9.54545,4.96E-05,0.964,GTGCGCTCGCAGGCTACT
2-AYTYRCTCGVASGYGAST,STREME-2,NC_013967.1,2231089,2231106,-,9.52893,5.00E-05,0.964,AGTCGCTCGATGACGAGA
2-AYTYRCTCGVASGYGAST,STREME-2,NC_013967.1,1998908,1998925,-,9.52066,5.01E-05,0.964,ACCGACTCGCTCGCGACA
2-AYTYRCTCGVASGYGAST,STREME-2,NC_013966.1,396630,396647,-,9.5124,5.03E-05,0.964,ACTGATCATGAGGTAAGT
2-AYTYRCTCGVASGYGAST,STREME-2,NC_013966.1,481692,481709,+,9.4876,5.08E-05,0.964,GCTGGTTCGAGAACGAGT
2-AYTYRCTCGVASGYGAST,STREME-2,NC_013967.1,2750248,2750265,-,9.4876,5.08E-05,0.964,GCTGGTTCGAGAACGAGT
2-AYTYRCTCGVASGYGAST,STREME-2,NC_013967.1,2568381,2568398,-,9.47934,5.09E-05,0.964,ACTTACCCGCGGGTTTCT
2-AYTYRCTCGVASGYGAST,STREME-2,NC_013968.1,416,433,-,9.45455,5.15E-05,0.964,ATTTGCGAGGTCGCGGGT
2-AYTYRCTCGVASGYGAST,STREME-2,NC_013966.1,172515,172532,+,9.44628,5.17E-05,0.964,GTGTACTGGCCGGTGAGT
2-AYTYRCTCGVASGYGAST,STREME-2,NC_013967.1,1236503,1236520,+,9.43802,5.19E-05,0.964,GCTCCCGCGGGCGTGAGT
2-AYTYRCTCGVASGYGAST,STREME-2,NC_013966.1,112547,112564,+,9.42975,5.21E-05,0.964,AGTTAGTAGAAGATGAGT
2-AYTYRCTCGVASGYGAST,STREME-2,NC_013964.1,369796,369813,+,9.42149,5.23E-05,0.964,GTTCGTGCTGCAGCGAGT
2-AYTYRCTCGVASGYGAST,STREME-2,NC_013966.1,437279,437296,-,9.42149,5.23E-05,0.964,GCATACTCTGGAGTGACT
2-AYTYRCTCGVASGYGAST,STREME-2,NC_013968.1,3967,3984,+,9.41322,5.25E-05,0.964,ATTCGCGGTCAAGATAGA
2-AYTYRCTCGVASGYGAST,STREME-2,NC_013968.1,15756,15773,-,9.41322,5.25E-05,0.964,ATTCGCGGTCAAGATAGA
2-AYTYRCTCGVASGYGAST,STREME-2,NC_013968.1,31326,31343,-,9.41322,5.25E-05,0.964,ATTCGCGGTCAAGATAGA
2-AYTYRCTCGVASGYGAST,STREME-2,NC_013968.1,33508,33525,-,9.41322,5.25E-05,0.964,ATTCGCGGTCAAGATAGA
2-AYTYRCTCGVASGYGAST,STREME-2,NC_013967.1,69226,69243,+,9.41322,5.25E-05,0.964,GCTCGCGCGACGACTAGT
2-AYTYRCTCGVASGYGAST,STREME-2,NC_013968.1,69596,69613,+,9.41322,5.25E-05,0.964,ATTCGCGGTCAAGATAGA
2-AYTYRCTCGVASGYGAST,STREME-2,NC_013966.1,81624,81641,+,9.41322,5.25E-05,0.964,ATTCGCGGTCAAGATAGA
2-AYTYRCTCGVASGYGAST,STREME-2,NC_013966.1,111501,111518,+,9.41322,5.25E-05,0.964,ATTCGCGGTCAAGATAGA
2-AYTYRCTCGVASGYGAST,STREME-2,NC_013966.1,122072,122089,-,9.41322,5.25E-05,0.964,ATTCGCGGTCAAGATAGA
2-AYTYRCTCGVASGYGAST,STREME-2,NC_013966.1,149862,149879,-,9.41322,5.25E-05,0.964,ATTCGCGGTCAAGATAGA
2-AYTYRCTCGVASGYGAST,STREME-2,NC_013964.1,170671,170688,+,9.41322,5.25E-05,0.964,ATTCGCGGTCAAGATAGA
2-AYTYRCTCGVASGYGAST,STREME-2,NC_013967.1,235697,235714,+,9.41322,5.25E-05,0.964,ATTCGCGGTCAAGATAGA
2-AYTYRCTCGVASGYGAST,STREME-2,NC_013966.1,252150,252167,+,9.41322,5.25E-05,0.964,ATTCGCGGTCAAGATAGA
2-AYTYRCTCGVASGYGAST,STREME-2,NC_013966.1,264852,264869,-,9.41322,5.25E-05,0.964,ATTCGCGGTCAAGATAGA
2-AYTYRCTCGVASGYGAST,STREME-2,NC_013964.1,277503,277520,-,9.41322,5.25E-05,0.964,ATTCGCGGTCAAGATAGA
2-AYTYRCTCGVASGYGAST,STREME-2,NC_013966.1,362291,362308,+,9.41322,5.25E-05,0.964,ATTCGCGGTCAAGATAGA
2-AYTYRCTCGVASGYGAST,STREME-2,NC_013966.1,375946,375963,-,9.41322,5.25E-05,0.964,ATTCGCGGTCAAGATAGA
2-AYTYRCTCGVASGYGAST,STREME-2,NC_013966.1,378878,378895,+,9.41322,5.25E-05,0.964,ATTCGCGGTCAAGATAGA
2-AYTYRCTCGVASGYGAST,STREME-2,NC_013966.1,425038,425055,+,9.41322,5.25E-05,0.964,ATTCGCGGTCAAGATAGA
2-AYTYRCTCGVASGYGAST,STREME-2,NC_013967.1,426529,426546,-,9.41322,5.25E-05,0.964,ACTCTCGGGCGAGTGAGT
2-AYTYRCTCGVASGYGAST,STREME-2,NC_013966.1,426809,426826,-,9.41322,5.25E-05,0.964,ATTCGCGGTCAAGATAGA
2-AYTYRCTCGVASGYGAST,STREME-2,NC_013966.1,442153,442170,-,9.41322,5.25E-05,0.964,ATTCGCGGTCAAGATAGA
2-AYTYRCTCGVASGYGAST,STREME-2,NC_013966.1,453254,453271,-,9.41322,5.25E-05,0.964,ATTCGCGGTCAAGATAGA
2-AYTYRCTCGVASGYGAST,STREME-2,NC_013966.1,457032,457049,+,9.41322,5.25E-05,0.964,ATTCGCGGTCAAGATAGA
2-AYTYRCTCGVASGYGAST,STREME-2,NC_013967.1,460781,460798,+,9.41322,5.25E-05,0.964,ATTCGCGGTCAAGATAGA
2-AYTYRCTCGVASGYGAST,STREME-2,NC_013966.1,491439,491456,-,9.41322,5.25E-05,0.964,ATTCGCGGTCAAGATAGA
2-AYTYRCTCGVASGYGAST,STREME-2,NC_013967.1,835968,835985,-,9.41322,5.25E-05,0.964,ATTCGCGGTCAAGATAGA
2-AYTYRCTCGVASGYGAST,STREME-2,NC_013967.1,839411,839428,+,9.41322,5.25E-05,0.964,ATTCGCGGTCAAGATAGA
2-AYTYRCTCGVASGYGAST,STREME-2,NC_013967.1,1383596,1383613,-,9.41322,5.25E-05,0.964,ATTCGCGGTCAAGATAGA
2-AYTYRCTCGVASGYGAST,STREME-2,NC_013967.1,1390689,1390706,+,9.41322,5.25E-05,0.964,ATTCGCGGTCAAGATAGA
2-AYTYRCTCGVASGYGAST,STREME-2,NC_013967.1,1403910,1403927,-,9.41322,5.25E-05,0.964,GTTCGCTCGGCCGCGTGT
2-AYTYRCTCGVASGYGAST,STREME-2,NC_013967.1,1649044,1649061,+,9.41322,5.25E-05,0.964,ATTCGCGGTCAAGATAGA
2-AYTYRCTCGVASGYGAST,STREME-2,NC_013967.1,1697608,1697625,+,9.41322,5.25E-05,0.964,ATTCGCGGTCAAGATAGA
2-AYTYRCTCGVASGYGAST,STREME-2,NC_013967.1,1705248,1705265,-,9.41322,5.25E-05,0.964,ATTCGCGGTCAAGATAGA
2-AYTYRCTCGVASGYGAST,STREME-2,NC_013967.1,1897563,1897580,+,9.41322,5.25E-05,0.964,ATTCGCGGTCAAGATAGA
2-AYTYRCTCGVASGYGAST,STREME-2,NC_013967.1,1903148,1903165,+,9.41322,5.25E-05,0.964,ATTCGCGGTCAAGATAGA
2-AYTYRCTCGVASGYGAST,STREME-2,NC_013967.1,2110884,2110901,+,9.41322,5.25E-05,0.964,ATTCGCGGTCAAGATAGA
2-AYTYRCTCGVASGYGAST,STREME-2,NC_013967.1,2196658,2196675,-,9.41322,5.25E-05,0.964,ATTCGCGGTCAAGATAGA
2-AYTYRCTCGVASGYGAST,STREME-2,NC_013967.1,2335754,2335771,+,9.41322,5.25E-05,0.964,ATTCGCGGTCAAGATAGA
2-AYTYRCTCGVASGYGAST,STREME-2,NC_013967.1,2649339,2649356,-,9.41322,5.25E-05,0.964,ATTCGCGGTCAAGATAGA
2-AYTYRCTCGVASGYGAST,STREME-2,NC_013967.1,2652491,2652508,-,9.41322,5.25E-05,0.964,ATTCGCGGTCAAGATAGA
2-AYTYRCTCGVASGYGAST,STREME-2,NC_013967.1,156236,156253,+,9.40496,5.27E-05,0.964,CCTCGTTCGGGAGCGACT
2-AYTYRCTCGVASGYGAST,STREME-2,NC_013967.1,1033614,1033631,-,9.40496,5.27E-05,0.964,GTGCGCTCGGTGGTGATT
2-AYTYRCTCGVASGYGAST,STREME-2,NC_013968.1,39865,39882,-,9.39669,5.28E-05,0.964,ACTTGATCTCCCGATAGT
2-AYTYRCTCGVASGYGAST,STREME-2,NC_013967.1,2619960,2619977,-,9.39669,5.28E-05,0.964,ACTTCTTCTCCGGTGACA
2-AYTYRCTCGVASGYGAST,STREME-2,NC_013966.1,84938,84955,-,9.3719,5.34E-05,0.967,ATCCACTGGAGGACGAGT
2-AYTYRCTCGVASGYGAST,STREME-2,NC_013966.1,582166,582183,-,9.3719,5.34E-05,0.967,ATGGGTTCGACCGTGAGT
2-AYTYRCTCGVASGYGAST,STREME-2,NC_013967.1,594491,594508,-,9.3719,5.34E-05,0.967,ACCCGCGCGAGCGCGACT
2-AYTYRCTCGVASGYGAST,STREME-2,NC_013967.1,2626472,2626489,-,9.35537,5.38E-05,0.97,GCTCAGTCGCGGACGAGT
2-AYTYRCTCGVASGYGAST,STREME-2,NC_013964.1,318236,318253,+,9.34711,5.40E-05,0.97,CCTCGTTCGAGAGCGACT
2-AYTYRCTCGVASGYGAST,STREME-2,NC_013967.1,391569,391586,+,9.34711,5.40E-05,0.97,ACGAGCTCGAAGGCGACT
2-AYTYRCTCGVASGYGAST,STREME-2,NC_013967.1,609501,609518,-,9.34711,5.40E-05,0.97,ACTCGCCATCAAGCGCCT
2-AYTYRCTCGVASGYGAST,STREME-2,NC_013967.1,713813,713830,-,9.33058,5.45E-05,0.97,ACTCGGTCTACGGCGACA
2-AYTYRCTCGVASGYGAST,STREME-2,NC_013967.1,2508137,2508154,+,9.33058,5.45E-05,0.97,ACTCCCTCGAAGGGGAGA
2-AYTYRCTCGVASGYGAST,STREME-2,NC_013967.1,1944777,1944794,-,9.32231,5.47E-05,0.97,ATTCGCTCGATGGAGTGA
2-AYTYRCTCGVASGYGAST,STREME-2,NC_013964.1,43828,43845,+,9.31405,5.49E-05,0.97,GCTCGGTCGGCAGCGAGT
2-AYTYRCTCGVASGYGAST,STREME-2,NC_013967.1,1703622,1703639,+,9.31405,5.49E-05,0.97,ACTCGCTATCTGGCTGGT
2-AYTYRCTCGVASGYGAST,STREME-2,NC_013967.1,2109887,2109904,-,9.31405,5.49E-05,0.97,ATTCACTATGGATAGATT
2-AYTYRCTCGVASGYGAST,STREME-2,NC_013967.1,2791769,2791786,+,9.31405,5.49E-05,0.97,ATCCGCGAGACGGTGACT
2-AYTYRCTCGVASGYGAST,STREME-2,NC_013967.1,1770463,1770480,-,9.30579,5.51E-05,0.971,AATCATTGGGCTGTGATT
2-AYTYRCTCGVASGYGAST,STREME-2,NC_013967.1,1360583,1360600,-,9.28926,5.54E-05,0.976,AATCGTCCGAAGACGAGT
2-AYTYRCTCGVASGYGAST,STREME-2,NC_013966.1,367794,367811,-,9.28099,5.56E-05,0.976,ATTCAGGAGCGTGTGATT
2-AYTYRCTCGVASGYGAST,STREME-2,NC_013964.1,133116,133133,+,9.27273,5.58E-05,0.976,ACGTGCTCGAATACGACA
2-AYTYRCTCGVASGYGAST,STREME-2,NC_013967.1,1216871,1216888,+,9.27273,5.58E-05,0.976,ACTCGGTGTCGAGCGAGT
2-AYTYRCTCGVASGYGAST,STREME-2,NC_013967.1,1985343,1985360,+,9.26446,5.60E-05,0.977,ACTCACCGAGCGGTGATT
2-AYTYRCTCGVASGYGAST,STREME-2,NC_013966.1,416488,416505,-,9.24793,5.64E-05,0.979,GCTGAATCGCCGGCGACT
2-AYTYRCTCGVASGYGAST,STREME-2,NC_013966.1,511637,511654,-,9.24793,5.64E-05,0.979,ACTTACTGCGCCGCTATT
2-AYTYRCTCGVASGYGAST,STREME-2,NC_013967.1,2195835,2195852,+,9.23967,5.66E-05,0.981,ACTGGCGCGGACGAGTCT
2-AYTYRCTCGVASGYGAST,STREME-2,NC_013966.1,348720,348737,+,9.2314,5.68E-05,0.981,ACTTGCCCGCGCCCGATT
2-AYTYRCTCGVASGYGAST,STREME-2,NC_013967.1,2366542,2366559,-,9.2314,5.68E-05,0.981,TCTCGCTCGACCGAGAGA
2-AYTYRCTCGVASGYGAST,STREME-2,NC_013967.1,1865461,1865478,-,9.21488,5.72E-05,0.984,GCGCGCTCGCCGGCGACT
2-AYTYRCTCGVASGYGAST,STREME-2,NC_013967.1,1879150,1879167,+,9.21488,5.72E-05,0.984,CCTCGCTCGGAGGTGACC
2-AYTYRCTCGVASGYGAST,STREME-2,NC_013966.1,412235,412252,+,9.20661,5.74E-05,0.985,GTTTGCTTGGATGTGATA
2-AYTYRCTCGVASGYGAST,STREME-2,NC_013966.1,476608,476625,-,9.19835,5.76E-05,0.986,ACTCGCGAGACGGCGAGG
2-AYTYRCTCGVASGYGAST,STREME-2,NC_013966.1,9413,9430,+,9.18182,5.80E-05,0.988,ACTGACAAGCCCACGACT
2-AYTYRCTCGVASGYGAST,STREME-2,NC_013967.1,2216612,2216629,+,9.18182,5.80E-05,0.988,ATTCGATCTGCGGCGACA
2-AYTYRCTCGVASGYGAST,STREME-2,NC_013967.1,2149911,2149928,-,9.16529,5.84E-05,0.988,ACTAGCTAGGACACTAGA
2-AYTYRCTCGVASGYGAST,STREME-2,NC_013967.1,368468,368485,-,9.15702,5.86E-05,0.988,GCTGGCTCGCACGTTCGT
2-AYTYRCTCGVASGYGAST,STREME-2,NC_013967.1,1283668,1283685,-,9.14876,5.88E-05,0.988,ACTCGCTCGACGACGGTT
2-AYTYRCTCGVASGYGAST,STREME-2,NC_013966.1,525313,525330,+,9.1405,5.91E-05,0.988,ATCGACTATCATGCGAGA
2-AYTYRCTCGVASGYGAST,STREME-2,NC_013966.1,635405,635422,+,9.1405,5.91E-05,0.988,ACTCGACCGGACGAGACA
2-AYTYRCTCGVASGYGAST,STREME-2,NC_013967.1,251185,251202,-,9.12397,5.96E-05,0.988,ATTCGCTCTACGACGACG
2-AYTYRCTCGVASGYGAST,STREME-2,NC_013967.1,1396791,1396808,+,9.12397,5.96E-05,0.988,ATTCGATCGCACGCAACT
2-AYTYRCTCGVASGYGAST,STREME-2,NC_013967.1,2571858,2571875,+,9.12397,5.96E-05,0.988,ACATGGTCGCAGGCGAGT
2-AYTYRCTCGVASGYGAST,STREME-2,NC_013966.1,31222,31239,-,9.10744,6.00E-05,0.988,TTTCACCCGGTCGAGATT
2-AYTYRCTCGVASGYGAST,STREME-2,NC_013967.1,2116367,2116384,+,9.10744,6.00E-05,0.988,ATTCGCTCATCCGTGAGT
2-AYTYRCTCGVASGYGAST,STREME-2,NC_013967.1,2254234,2254251,-,9.10744,6.00E-05,0.988,GTTCGGTCTCAGGCGAGA
2-AYTYRCTCGVASGYGAST,STREME-2,NC_013967.1,2334254,2334271,+,9.10744,6.00E-05,0.988,ATGTGTTCGCGGGCGATT
2-AYTYRCTCGVASGYGAST,STREME-2,NC_013966.1,572766,572783,+,9.09917,6.02E-05,0.988,GCCCGCGAGGACGTGACT
2-AYTYRCTCGVASGYGAST,STREME-2,NC_013967.1,2504051,2504068,-,9.09917,6.02E-05,0.988,GCTTCCCCGAAGACGAGT
2-AYTYRCTCGVASGYGAST,STREME-2,NC_013967.1,80940,80957,-,9.09091,6.04E-05,0.988,ACCCGCTCGCCCGAGAGA
2-AYTYRCTCGVASGYGAST,STREME-2,NC_013964.1,243921,243938,+,9.09091,6.04E-05,0.988,ACCGACCCGACGGCGAGT
2-AYTYRCTCGVASGYGAST,STREME-2,NC_013967.1,254053,254070,-,9.09091,6.04E-05,0.988,ACGCGCTCGGCCGAGAGA
2-AYTYRCTCGVASGYGAST,STREME-2,NC_013967.1,2629573,2629590,+,9.09091,6.04E-05,0.988,AGTCGTTCGCCGGCGAGA
2-AYTYRCTCGVASGYGAST,STREME-2,NC_013967.1,2715635,2715652,+,9.09091,6.04E-05,0.988,AGTCGTTCGCGGGCGAGA
2-AYTYRCTCGVASGYGAST,STREME-2,NC_013967.1,2836352,2836369,-,9.09091,6.04E-05,0.988,AGTCGCTCGCCGACGAGA
2-AYTYRCTCGVASGYGAST,STREME-2,NC_013966.1,584833,584850,+,9.06612,6.11E-05,0.994,ATTCACTCGAAGGCGTCC
2-AYTYRCTCGVASGYGAST,STREME-2,NC_013967.1,2115609,2115626,-,9.06612,6.11E-05,0.994,ACTTGCCGGATAACGACA
2-AYTYRCTCGVASGYGAST,STREME-2,NC_013967.1,156259,156276,-,9.04132,6.17E-05,1,GTTGGCGCGGGCGCGAGA
2-AYTYRCTCGVASGYGAST,STREME-2,NC_013964.1,297186,297203,+,9.03306,6.20E-05,1,ACACGCTCTACTGTTACT
2-AYTYRCTCGVASGYGAST,STREME-2,NC_013966.1,403992,404009,-,9.03306,6.20E-05,1,GTCTATTCGGTCGCGAGT
2-AYTYRCTCGVASGYGAST,STREME-2,NC_013967.1,2573240,2573257,+,9.03306,6.20E-05,1,ATCGGCCCGGACGCGATT
2-AYTYRCTCGVASGYGAST,STREME-2,NC_013967.1,2005380,2005397,-,9.02479,6.22E-05,1,ATTCGCGCGCTCGTTAGC
2-AYTYRCTCGVASGYGAST,STREME-2,NC_013967.1,92296,92313,-,9.01653,6.24E-05,1,GCTGACGAGGACGTGAGG
2-AYTYRCTCGVASGYGAST,STREME-2,NC_013967.1,1766263,1766280,+,9.01653,6.24E-05,1,GCTTTTTCGCCGGCGACT
2-AYTYRCTCGVASGYGAST,STREME-2,NC_013967.1,2627837,2627854,-,9.01653,6.24E-05,1,ACGCGCTCGGAGTCGAGT
2-AYTYRCTCGVASGYGAST,STREME-2,NC_013967.1,2497197,2497214,+,9.00826,6.27E-05,1,ACTCGCGCGCGGGAGAGG
2-AYTYRCTCGVASGYGAST,STREME-2,NC_013966.1,404768,404785,-,9,6.28E-05,1,GCTTGTGCGACGGCGAGA
2-AYTYRCTCGVASGYGAST,STREME-2,NC_013967.1,1254286,1254303,+,9,6.28E-05,1,ATTTCGTCGGCGGTGAGT
2-AYTYRCTCGVASGYGAST,STREME-2,NC_013967.1,1419687,1419704,-,8.99174,6.30E-05,1,ACTTCTTCTGGGACGACT
2-AYTYRCTCGVASGYGAST,STREME-2,NC_013967.1,2229582,2229599,+,8.98347,6.32E-05,1,ACTCGTCGGACGACGATT
2-AYTYRCTCGVASGYGAST,STREME-2,NC_013964.1,69396,69413,+,8.97521,6.34E-05,1,ACTTGTCGGACAGCGAGA
2-AYTYRCTCGVASGYGAST,STREME-2,NC_013967.1,426533,426550,+,8.96694,6.36E-05,1,ACTCGCCCGAGAGTTAAT
2-AYTYRCTCGVASGYGAST,STREME-2,NC_013967.1,955082,955099,+,8.96694,6.36E-05,1,CCTCGCCCGAAAGCGAGA
2-AYTYRCTCGVASGYGAST,STREME-2,NC_013967.1,198926,198943,+,8.95868,6.38E-05,1,GCTTCTTCGACGGCGACT
2-AYTYRCTCGVASGYGAST,STREME-2,NC_013964.1,54337,54354,+,8.94215,6.43E-05,1,ACGTACCGGGCGGCGAGT
2-AYTYRCTCGVASGYGAST,STREME-2,NC_013967.1,918664,918681,-,8.94215,6.43E-05,1,ACTCGCCCGCACGCTTTT
2-AYTYRCTCGVASGYGAST,STREME-2,NC_013967.1,100671,100688,+,8.93388,6.46E-05,1,TCTCGCGCTACCGCGAGT
2-AYTYRCTCGVASGYGAST,STREME-2,NC_013964.1,201425,201442,+,8.93388,6.46E-05,1,GTTTTCGCGCCCGTGACT
2-AYTYRCTCGVASGYGAST,STREME-2,NC_013967.1,1129242,1129259,-,8.92562,6.48E-05,1,GCTCGCTCGCATACGACG
2-AYTYRCTCGVASGYGAST,STREME-2,NC_013967.1,1732895,1732912,-,8.92562,6.48E-05,1,ACGGACTCGGCTACGAGT
2-AYTYRCTCGVASGYGAST,STREME-2,NC_013964.1,185206,185223,+,8.91736,6.51E-05,1,ACTTGCGCGGGTGCGGGT
2-AYTYRCTCGVASGYGAST,STREME-2,NC_013967.1,1295002,1295019,-,8.91736,6.51E-05,1,ACATATCCGAACGCGAGA
2-AYTYRCTCGVASGYGAST,STREME-2,NC_013967.1,1377173,1377190,-,8.91736,6.51E-05,1,ATTCGGTCGCTCATTATT
2-AYTYRCTCGVASGYGAST,STREME-2,NC_013966.1,458206,458223,+,8.90909,6.53E-05,1,ACTGGCTCTGCGATCACT
2-AYTYRCTCGVASGYGAST,STREME-2,NC_013967.1,790938,790955,-,8.90909,6.53E-05,1,ACTACCTCGACGGCGAGT
2-AYTYRCTCGVASGYGAST,STREME-2,NC_013967.1,607276,607293,+,8.90083,6.56E-05,1,GATTACTCTGCGACGAGT
2-AYTYRCTCGVASGYGAST,STREME-2,NC_013967.1,1684028,1684045,+,8.90083,6.56E-05,1,GCTTGCTCGTCCGCGAGA
2-AYTYRCTCGVASGYGAST,STREME-2,NC_013967.1,2384136,2384153,-,8.90083,6.56E-05,1,ACTCGTTCGCGAGAAACT
2-AYTYRCTCGVASGYGAST,STREME-2,NC_013967.1,2603955,2603972,+,8.90083,6.56E-05,1,GCTTCCTCGCCGGCGAGA
2-AYTYRCTCGVASGYGAST,STREME-2,NC_013967.1,2030994,2031011,+,8.8843,6.60E-05,1,ATCGACGCGAGCGCGAGT
2-AYTYRCTCGVASGYGAST,STREME-2,NC_013964.1,333453,333470,-,8.87603,6.62E-05,1,GTTCTCTCGGCCGAGATT
2-AYTYRCTCGVASGYGAST,STREME-2,NC_013966.1,384453,384470,-,8.87603,6.62E-05,1,GTTCACTCTGTGGCGAAA
2-AYTYRCTCGVASGYGAST,STREME-2,NC_013967.1,867635,867652,-,8.87603,6.62E-05,1,ATTCGCGCGAACACGATG
2-AYTYRCTCGVASGYGAST,STREME-2,NC_013964.1,421156,421173,+,8.8595,6.67E-05,1,GCTGGTGGGGAAGCGACT
2-AYTYRCTCGVASGYGAST,STREME-2,NC_013967.1,614335,614352,+,8.8595,6.67E-05,1,ACTCGTTCACATATGACA
2-AYTYRCTCGVASGYGAST,STREME-2,NC_013967.1,1737922,1737939,-,8.8595,6.67E-05,1,GCTCGCCCCGAAGCGACT
2-AYTYRCTCGVASGYGAST,STREME-2,NC_013967.1,2003951,2003968,+,8.8595,6.67E-05,1,GTTCGTCCGCGCACGACT
2-AYTYRCTCGVASGYGAST,STREME-2,NC_013967.1,933929,933946,-,8.85124,6.69E-05,1,ATCCGCGAGCCCGCGAGT
2-AYTYRCTCGVASGYGAST,STREME-2,NC_013964.1,173645,173662,+,8.84298,6.72E-05,1,CTTCACCCGGGGGTGACA
2-AYTYRCTCGVASGYGAST,STREME-2,NC_013966.1,329718,329735,+,8.84298,6.72E-05,1,GCTGGCGGTGACGCTACT
2-AYTYRCTCGVASGYGAST,STREME-2,NC_013964.1,206976,206993,-,8.83471,6.74E-05,1,ACCTACTCGCCCACGACA
2-AYTYRCTCGVASGYGAST,STREME-2,NC_013967.1,469245,469262,-,8.83471,6.74E-05,1,ACTGGTCCGCGAGCGACA
2-AYTYRCTCGVASGYGAST,STREME-2,NC_013967.1,1319841,1319858,-,8.83471,6.74E-05,1,GGTGACTCGGGGATGAGT
2-AYTYRCTCGVASGYGAST,STREME-2,NC_013967.1,164192,164209,-,8.82645,6.77E-05,1,ACTCGCCCGCTCATGACG
2-AYTYRCTCGVASGYGAST,STREME-2,NC_013964.1,250108,250125,-,8.82645,6.77E-05,1,ACTCACTCGGACAGGGCT
2-AYTYRCTCGVASGYGAST,STREME-2,NC_013966.1,25880,25897,-,8.81818,6.79E-05,1,ATTGGTTCGCGCTCGACT
2-AYTYRCTCGVASGYGAST,STREME-2,NC_013967.1,73081,73098,+,8.80992,6.82E-05,1,ACGCGCGCGGCGGAGAGT
2-AYTYRCTCGVASGYGAST,STREME-2,NC_013966.1,339058,339075,-,8.80992,6.82E-05,1,GGTCGCGCGGTCGTGACT
2-AYTYRCTCGVASGYGAST,STREME-2,NC_013967.1,508036,508053,+,8.78512,6.88E-05,1,ACGCGCTCGTACGCGATT
2-AYTYRCTCGVASGYGAST,STREME-2,NC_013967.1,1297916,1297933,+,8.78512,6.88E-05,1,GTCTGCTCTCAAGCGATT
2-AYTYRCTCGVASGYGAST,STREME-2,NC_013966.1,85033,85050,+,8.77686,6.90E-05,1,ATTGGCGAGCCCATGATA
2-AYTYRCTCGVASGYGAST,STREME-2,NC_013967.1,1302215,1302232,+,8.77686,6.90E-05,1,ACTGACGAGTATGATAGT
2-AYTYRCTCGVASGYGAST,STREME-2,NC_013966.1,189022,189039,-,8.7686,6.93E-05,1,ATTTATCCGGACGCGCGA
2-AYTYRCTCGVASGYGAST,STREME-2,NC_013966.1,488623,488640,-,8.7686,6.93E-05,1,ACTCTCTGGGGAGCGAGA
2-AYTYRCTCGVASGYGAST,STREME-2,NC_013966.1,67581,67598,-,8.76033,6.95E-05,1,ATTCACCCAATAGAGATT
2-AYTYRCTCGVASGYGAST,STREME-2,NC_013967.1,888434,888451,+,8.76033,6.95E-05,1,ATTCACCATGACGACAGA
2-AYTYRCTCGVASGYGAST,STREME-2,NC_013966.1,51818,51835,-,8.75207,6.97E-05,1,ACTCGCCAGTCCACGAGT
2-AYTYRCTCGVASGYGAST,STREME-2,NC_013967.1,876219,876236,+,8.75207,6.97E-05,1,AGTCGTCCGAGGGCGAGT
2-AYTYRCTCGVASGYGAST,STREME-2,NC_013967.1,1604013,1604030,-,8.7438,6.99E-05,1,ACTTCTCCGCAAACGACT
2-AYTYRCTCGVASGYGAST,STREME-2,NC_013964.1,194444,194461,+,8.73554,7.02E-05,1,GCTCGCTCGACAGCGAGG
2-AYTYRCTCGVASGYGAST,STREME-2,NC_013967.1,2802084,2802101,-,8.73554,7.02E-05,1,GCTCATGCTCTCGATACT
2-AYTYRCTCGVASGYGAST,STREME-2,NC_013967.1,2486038,2486055,-,8.72727,7.05E-05,1,GCGTACTGGCGGGCGAGT
2-AYTYRCTCGVASGYGAST,STREME-2,NC_013967.1,1994881,1994898,+,8.71901,7.07E-05,1,CCTCGCCGGCGCGTGAGT
2-AYTYRCTCGVASGYGAST,STREME-2,NC_013968.1,39140,39157,+,8.71074,7.10E-05,1,ACTCACTCTGGACTTAGA
2-AYTYRCTCGVASGYGAST,STREME-2,NC_013964.1,96800,96817,+,8.71074,7.10E-05,1,ACTCGTCCGCGAGAGATA
2-AYTYRCTCGVASGYGAST,STREME-2,NC_013967.1,284695,284712,+,8.71074,7.10E-05,1,ACTCGCTCTACCAAGAGC
2-AYTYRCTCGVASGYGAST,STREME-2,NC_013967.1,132448,132465,-,8.70248,7.12E-05,1,AGTTCCTCGACGGCGAGT
2-AYTYRCTCGVASGYGAST,STREME-2,NC_013967.1,1555136,1555153,-,8.70248,7.12E-05,1,GCGTACTCGAAGACGAGA
2-AYTYRCTCGVASGYGAST,STREME-2,NC_013967.1,1284762,1284779,-,8.69421,7.14E-05,1,ACTTATTAGCATACTAGG
2-AYTYRCTCGVASGYGAST,STREME-2,NC_013967.1,2401686,2401703,+,8.69421,7.14E-05,1,ACTCGCGCTGCTGTGGGT
2-AYTYRCTCGVASGYGAST,STREME-2,NC_013966.1,409500,409517,+,8.68595,7.17E-05,1,GCTCGCTCGGTCGCGGTT
2-AYTYRCTCGVASGYGAST,STREME-2,NC_013967.1,1188140,1188157,+,8.68595,7.17E-05,1,ATGGACTGTCCGGCGAGT
2-AYTYRCTCGVASGYGAST,STREME-2,NC_013966.1,41417,41434,-,8.67769,7.19E-05,1,ATTGACGATCTGATTAGA
2-AYTYRCTCGVASGYGAST,STREME-2,NC_013967.1,485209,485226,-,8.66942,7.21E-05,1,GCTGACTCGACCGCGACG
2-AYTYRCTCGVASGYGAST,STREME-2,NC_013967.1,1377053,1377070,+,8.66942,7.21E-05,1,ACGGGCTGTCTGGTGACT
2-AYTYRCTCGVASGYGAST,STREME-2,NC_013966.1,53005,53022,-,8.66116,7.23E-05,1,ACTGATTCGACCGAGACG
2-AYTYRCTCGVASGYGAST,STREME-2,NC_013966.1,434166,434183,+,8.66116,7.23E-05,1,GCTTACTAGGGTGTGGTT
2-AYTYRCTCGVASGYGAST,STREME-2,NC_013967.1,2049561,2049578,+,8.66116,7.23E-05,1,GTTCGTTCGAACGAGACC
2-AYTYRCTCGVASGYGAST,STREME-2,NC_013967.1,2788569,2788586,-,8.65289,7.26E-05,1,ACCGGTTCGACGGCGAGT
2-AYTYRCTCGVASGYGAST,STREME-2,NC_013967.1,20348,20365,+,8.64463,7.29E-05,1,ACTGACGGGGAAGCGGGT
2-AYTYRCTCGVASGYGAST,STREME-2,NC_013964.1,244622,244639,-,8.63636,7.32E-05,1,CCTCGCTCGAACGCGAGC
2-AYTYRCTCGVASGYGAST,STREME-2,NC_013964.1,292906,292923,+,8.63636,7.32E-05,1,ACTGACTGGCCGATGGGT
2-AYTYRCTCGVASGYGAST,STREME-2,NC_013967.1,1037167,1037184,-,8.63636,7.32E-05,1,ATTCGGTCGAGGAAGATT
2-AYTYRCTCGVASGYGAST,STREME-2,NC_013966.1,613582,613599,+,8.61983,7.38E-05,1,ACTTACTTGGAGACGGGT
2-AYTYRCTCGVASGYGAST,STREME-2,NC_013967.1,1357851,1357868,-,8.61983,7.38E-05,1,ACGCACCCGCGTGCGATT
2-AYTYRCTCGVASGYGAST,STREME-2,NC_013967.1,65521,65538,-,8.61157,7.40E-05,1,ACTCGGTCGCCCACGAGA
2-AYTYRCTCGVASGYGAST,STREME-2,NC_013967.1,182347,182364,-,8.60331,7.43E-05,1,ACAGACGCGAAAACGAGT
2-AYTYRCTCGVASGYGAST,STREME-2,NC_013967.1,207453,207470,+,8.60331,7.43E-05,1,ACTCGCCGTCACCCGATT
2-AYTYRCTCGVASGYGAST,STREME-2,NC_013966.1,446668,446685,+,8.60331,7.43E-05,1,ACAGGCGCTGACGAGAGT
2-AYTYRCTCGVASGYGAST,STREME-2,NC_013966.1,108326,108343,+,8.59504,7.46E-05,1,GCTCGCTCGCCCGAGCGT
2-AYTYRCTCGVASGYGAST,STREME-2,NC_013966.1,137866,137883,+,8.59504,7.46E-05,1,GCTCGCTCGCCCGAGCGT
2-AYTYRCTCGVASGYGAST,STREME-2,NC_013967.1,478275,478292,+,8.59504,7.46E-05,1,ACTCGATGGCCCGCGAGA
2-AYTYRCTCGVASGYGAST,STREME-2,NC_013967.1,1889301,1889318,-,8.59504,7.46E-05,1,ATTGTCGGTGAAGTGACT
2-AYTYRCTCGVASGYGAST,STREME-2,NC_013967.1,2828881,2828898,+,8.59504,7.46E-05,1,ACTTGCGCTCCATCGAGT
2-AYTYRCTCGVASGYGAST,STREME-2,NC_013967.1,891759,891776,+,8.58678,7.48E-05,1,ACTGGCCCGAAGACGAGC
2-AYTYRCTCGVASGYGAST,STREME-2,NC_013967.1,2229471,2229488,+,8.58678,7.48E-05,1,ACTCACGCGACGACGACC
2-AYTYRCTCGVASGYGAST,STREME-2,NC_013964.1,429375,429392,+,8.57851,7.50E-05,1,GCCCATTCGACGGCGAGT
2-AYTYRCTCGVASGYGAST,STREME-2,NC_013967.1,572135,572152,+,8.57025,7.53E-05,1,ACTCACCGGAGGGCGACC
2-AYTYRCTCGVASGYGAST,STREME-2,NC_013967.1,1524345,1524362,+,8.57025,7.53E-05,1,GCGGACGCGGATGTGAGT
2-AYTYRCTCGVASGYGAST,STREME-2,NC_013967.1,1296608,1296625,-,8.56198,7.55E-05,1,ATACGCCGGAATGTGATT
2-AYTYRCTCGVASGYGAST,STREME-2,NC_013967.1,2118215,2118232,+,8.56198,7.55E-05,1,ATTCATTCGACTCCGAGA
2-AYTYRCTCGVASGYGAST,STREME-2,NC_013966.1,321279,321296,+,8.55372,7.58E-05,1,CTTGACCCGATGGAGAGT
2-AYTYRCTCGVASGYGAST,STREME-2,NC_013967.1,1139024,1139041,+,8.55372,7.58E-05,1,ATGTGCGAGCGGGCGACT
2-AYTYRCTCGVASGYGAST,STREME-2,NC_013964.1,202106,202123,-,8.54545,7.61E-05,1,ACTCGCCCGACTGCGACG
2-AYTYRCTCGVASGYGAST,STREME-2,NC_013964.1,347297,347314,-,8.54545,7.61E-05,1,ACCTACTCGCAGATGAGC
2-AYTYRCTCGVASGYGAST,STREME-2,NC_013967.1,879272,879289,+,8.54545,7.61E-05,1,TCTCACCCGCCGGTTATT
2-AYTYRCTCGVASGYGAST,STREME-2,NC_013967.1,1027585,1027602,+,8.54545,7.61E-05,1,CCTCGCCCGACAGCGACT
2-AYTYRCTCGVASGYGAST,STREME-2,NC_013967.1,2378691,2378708,+,8.54545,7.61E-05,1,ACTCACCGGCACAAGAGC
2-AYTYRCTCGVASGYGAST,STREME-2,NC_013967.1,2831228,2831245,-,8.54545,7.61E-05,1,CCTCGCGCGAGAGCGACT
2-AYTYRCTCGVASGYGAST,STREME-2,NC_013967.1,1050758,1050775,+,8.52893,7.66E-05,1,ACTCACCGTGAGACGAGC
2-AYTYRCTCGVASGYGAST,STREME-2,NC_013967.1,2118783,2118800,-,8.52893,7.66E-05,1,GTGTACTCGCTGATGATT
2-AYTYRCTCGVASGYGAST,STREME-2,NC_013966.1,434871,434888,+,8.52066,7.69E-05,1,GCTGGTTCGCGTAAGAGT
2-AYTYRCTCGVASGYGAST,STREME-2,NC_013967.1,443711,443728,+,8.52066,7.69E-05,1,GTTGACCCGACCATGACA
2-AYTYRCTCGVASGYGAST,STREME-2,NC_013967.1,1525606,1525623,-,8.52066,7.69E-05,1,ATTCGGTCGCCCACTACT
2-AYTYRCTCGVASGYGAST,STREME-2,NC_013967.1,517564,517581,-,8.5124,7.71E-05,1,AGACACTCGCACACGAGT
2-AYTYRCTCGVASGYGAST,STREME-2,NC_013967.1,1396675,1396692,+,8.5124,7.71E-05,1,ACTCGCCCGGTGGTGGGA
2-AYTYRCTCGVASGYGAST,STREME-2,NC_013967.1,2155021,2155038,-,8.5124,7.71E-05,1,TTTGACTCGGCCGATACT
2-AYTYRCTCGVASGYGAST,STREME-2,NC_013967.1,1228780,1228797,+,8.50413,7.74E-05,1,ACTGGCTCGGCGACGACG
2-AYTYRCTCGVASGYGAST,STREME-2,NC_013967.1,1604916,1604933,-,8.50413,7.74E-05,1,ACTCACGTGGGAGCGAGA
2-AYTYRCTCGVASGYGAST,STREME-2,NC_013967.1,1854891,1854908,+,8.50413,7.74E-05,1,ACTGGTCGGAAGACGAGA
2-AYTYRCTCGVASGYGAST,STREME-2,NC_013967.1,1895303,1895320,+,8.49587,7.77E-05,1,ATTCGATAGACCATGAGA
2-AYTYRCTCGVASGYGAST,STREME-2,NC_013967.1,2255501,2255518,+,8.49587,7.77E-05,1,GCTTCCTCGGCGGCGACA
2-AYTYRCTCGVASGYGAST,STREME-2,NC_013967.1,83828,83845,-,8.4876,7.79E-05,1,GCTCGCCCGACCACGACA
2-AYTYRCTCGVASGYGAST,STREME-2,NC_013966.1,563816,563833,+,8.4876,7.79E-05,1,ACCTCCTCGCGGGTGAGT
2-AYTYRCTCGVASGYGAST,STREME-2,NC_013967.1,2308862,2308879,-,8.4876,7.79E-05,1,ACGTCCTCGGGGGTGAGT
2-AYTYRCTCGVASGYGAST,STREME-2,NC_013967.1,2395691,2395708,+,8.4876,7.79E-05,1,ACTCGCCGGCGAGGGAGT
2-AYTYRCTCGVASGYGAST,STREME-2,NC_013967.1,2816243,2816260,+,8.4876,7.79E-05,1,GCTCAGGCGATGGTGATT
2-AYTYRCTCGVASGYGAST,STREME-2,NC_013964.1,107632,107649,+,8.47934,7.81E-05,1,ACTCAGTCGTTCGAGACT
2-AYTYRCTCGVASGYGAST,STREME-2,NC_013967.1,1020705,1020722,+,8.47934,7.81E-05,1,GCTTACTCGACGACGACG
2-AYTYRCTCGVASGYGAST,STREME-2,NC_013966.1,307922,307939,-,8.47107,7.84E-05,1,ATGTACTGTGTGGCGAGA
2-AYTYRCTCGVASGYGAST,STREME-2,NC_013967.1,1425324,1425341,+,8.46281,7.86E-05,1,GCTCGCTCGACGGTAAGA
2-AYTYRCTCGVASGYGAST,STREME-2,NC_013966.1,37906,37923,+,8.45455,7.89E-05,1,GCTAACGCGGACGCTATT
2-AYTYRCTCGVASGYGAST,STREME-2,NC_013967.1,1834080,1834097,-,8.45455,7.89E-05,1,ATTCGTTCTCTCGCGCTT
2-AYTYRCTCGVASGYGAST,STREME-2,NC_013964.1,308421,308438,+,8.44628,7.92E-05,1,CTTCACCATCTCGTTAGT
2-AYTYRCTCGVASGYGAST,STREME-2,NC_013967.1,2008525,2008542,-,8.44628,7.92E-05,1,ACTCATTCCCACGCGAGC
2-AYTYRCTCGVASGYGAST,STREME-2,NC_013964.1,400172,400189,-,8.43802,7.95E-05,1,ACGCGCTCGAAGGCGAGC
2-AYTYRCTCGVASGYGAST,STREME-2,NC_013966.1,505488,505505,-,8.43802,7.95E-05,1,ACGCGCTCGAACGCGAGG
2-AYTYRCTCGVASGYGAST,STREME-2,NC_013966.1,511394,511411,+,8.43802,7.95E-05,1,ATTCTCTATAAAAAGAGA
2-AYTYRCTCGVASGYGAST,STREME-2,NC_013967.1,847484,847501,-,8.43802,7.95E-05,1,ACGCGCTCGAAGGCGAGG
2-AYTYRCTCGVASGYGAST,STREME-2,NC_013967.1,2616259,2616276,-,8.43802,7.95E-05,1,GTTCACCGTCAAACGAGA
2-AYTYRCTCGVASGYGAST,STREME-2,NC_013966.1,60275,60292,+,8.42975,7.98E-05,1,ACTTGTTCGACCGAGATG
2-AYTYRCTCGVASGYGAST,STREME-2,NC_013967.1,820531,820548,+,8.42975,7.98E-05,1,ATTCAGGCGCTGACGATT
2-AYTYRCTCGVASGYGAST,STREME-2,NC_013967.1,2568002,2568019,+,8.42975,7.98E-05,1,ACTTGCTCGAGTTCGATA
2-AYTYRCTCGVASGYGAST,STREME-2,NC_013966.1,310053,310070,-,8.42149,8.01E-05,1,ACTGACCGTCACGCGACG
2-AYTYRCTCGVASGYGAST,STREME-2,NC_013967.1,94303,94320,-,8.41322,8.04E-05,1,AGACGCTCGAAAGCGAGT
2-AYTYRCTCGVASGYGAST,STREME-2,NC_013964.1,2412,2429,+,8.40496,8.07E-05,1,GTGGACGCGAACGCGAGT
2-AYTYRCTCGVASGYGAST,STREME-2,NC_013967.1,1238625,1238642,+,8.40496,8.07E-05,1,ACGGACTCGCCGGAGAGA
2-AYTYRCTCGVASGYGAST,STREME-2,NC_013967.1,1807198,1807215,+,8.40496,8.07E-05,1,GGTCACTCGCCGGATACT
2-AYTYRCTCGVASGYGAST,STREME-2,NC_013967.1,2828578,2828595,+,8.40496,8.07E-05,1,ACGCGCCCGCCAGCGACT
2-AYTYRCTCGVASGYGAST,STREME-2,NC_013966.1,58553,58570,-,8.38843,8.12E-05,1,ACGCGTTCGCTCGCGAGA
2-AYTYRCTCGVASGYGAST,STREME-2,NC_013967.1,1550610,1550627,-,8.38843,8.12E-05,1,ACTGGCTGGGCGAGGAGT
2-AYTYRCTCGVASGYGAST,STREME-2,NC_013967.1,2367914,2367931,+,8.38843,8.12E-05,1,ACGCGCTCGGTCACGAGA
2-AYTYRCTCGVASGYGAST,STREME-2,NC_013967.1,215097,215114,+,8.38017,8.15E-05,1,ATTCGCCCTGCCGCGACC
2-AYTYRCTCGVASGYGAST,STREME-2,NC_013966.1,567301,567318,-,8.36364,8.20E-05,1,ACGAACTCGAAGGCTACT
2-AYTYRCTCGVASGYGAST,STREME-2,NC_013967.1,834118,834135,-,8.36364,8.20E-05,1,ACTCACTCGTTCGGGAGA
2-AYTYRCTCGVASGYGAST,STREME-2,NC_013967.1,1044278,1044295,+,8.36364,8.20E-05,1,ACGAACTCGAACGCTACT
2-AYTYRCTCGVASGYGAST,STREME-2,NC_013967.1,2765443,2765460,-,8.36364,8.20E-05,1,ACTCGGGCGATGACGACT
2-AYTYRCTCGVASGYGAST,STREME-2,NC_013968.1,11820,11837,-,8.35537,8.23E-05,1,ACTGACCGGCCAACTACT
2-AYTYRCTCGVASGYGAST,STREME-2,NC_013966.1,567153,567170,+,8.35537,8.23E-05,1,CCGTACTCGAAGGCGATT
2-AYTYRCTCGVASGYGAST,STREME-2,NC_013967.1,621811,621828,+,8.35537,8.23E-05,1,ACGCGCTGGAAGACGAGA
2-AYTYRCTCGVASGYGAST,STREME-2,NC_013967.1,1918437,1918454,-,8.35537,8.23E-05,1,ACTTCCTCGAAGACAACT
2-AYTYRCTCGVASGYGAST,STREME-2,NC_013964.1,115274,115291,-,8.34711,8.26E-05,1,GTCCGCTCGAAGGAGAGA
2-AYTYRCTCGVASGYGAST,STREME-2,NC_013967.1,1977379,1977396,-,8.33884,8.29E-05,1,ACTCAGTATGAAGTGCGT
2-AYTYRCTCGVASGYGAST,STREME-2,NC_013967.1,2440010,2440027,-,8.33884,8.29E-05,1,GTTCGTCCGCCCGCGACA
2-AYTYRCTCGVASGYGAST,STREME-2,NC_013967.1,939153,939170,+,8.33058,8.33E-05,1,GCTCGCGCGGACGAGCGT
2-AYTYRCTCGVASGYGAST,STREME-2,NC_013967.1,1441766,1441783,-,8.33058,8.33E-05,1,GTTCGCTCGACAGCGCGT
2-AYTYRCTCGVASGYGAST,STREME-2,NC_013964.1,291241,291258,-,8.32231,8.36E-05,1,ACGGGTTCGGACGCGACA
2-AYTYRCTCGVASGYGAST,STREME-2,NC_013967.1,1486054,1486071,+,8.32231,8.36E-05,1,ATTCACTCTATGACGGGA
2-AYTYRCTCGVASGYGAST,STREME-2,NC_013967.1,1877190,1877207,+,8.32231,8.36E-05,1,ACTCGCCCGCATGATGGT
2-AYTYRCTCGVASGYGAST,STREME-2,NC_013966.1,373663,373680,-,8.31405,8.39E-05,1,ACGCGCTGGATCGCGAGA
2-AYTYRCTCGVASGYGAST,STREME-2,NC_013967.1,667900,667917,+,8.30579,8.42E-05,1,GCTCGCTGGCCGACGATA
2-AYTYRCTCGVASGYGAST,STREME-2,NC_013967.1,2179735,2179752,-,8.30579,8.42E-05,1,ATTCGCGCGGTCGTGCGA
2-AYTYRCTCGVASGYGAST,STREME-2,NC_013967.1,290610,290627,-,8.29752,8.45E-05,1,AGTTCCTCGACGGCGACT
2-AYTYRCTCGVASGYGAST,STREME-2,NC_013967.1,1130574,1130591,+,8.28926,8.48E-05,1,ACTGGCCCTCTCGTGGGT
2-AYTYRCTCGVASGYGAST,STREME-2,NC_013967.1,1841963,1841980,+,8.28926,8.48E-05,1,ACGAACTCGCCGGCGAGT
2-AYTYRCTCGVASGYGAST,STREME-2,NC_013967.1,2790257,2790274,-,8.28926,8.48E-05,1,ACTCACTCGCGCGGGCCT
2-AYTYRCTCGVASGYGAST,STREME-2,NC_013967.1,255593,255610,-,8.28099,8.50E-05,1,ACCTACTGCAAGGCGAGT
2-AYTYRCTCGVASGYGAST,STREME-2,NC_013967.1,373189,373206,+,8.28099,8.50E-05,1,ATTCACCGTGTCGCGAGG
2-AYTYRCTCGVASGYGAST,STREME-2,NC_013967.1,2394247,2394264,+,8.28099,8.50E-05,1,ATCTCCTCGGCGGTGAGT
2-AYTYRCTCGVASGYGAST,STREME-2,NC_013964.1,177532,177549,-,8.27273,8.53E-05,1,ACTTCCTCGGTCGTAATT
2-AYTYRCTCGVASGYGAST,STREME-2,NC_013967.1,2535634,2535651,-,8.27273,8.53E-05,1,ACTCGCCGGAACACGAGG
2-AYTYRCTCGVASGYGAST,STREME-2,NC_013967.1,369598,369615,+,8.26446,8.55E-05,1,GCCGACGCGGACGCGACT
2-AYTYRCTCGVASGYGAST,STREME-2,NC_013964.1,37748,37765,-,8.2562,8.58E-05,1,GCTCATCGGGAGGAGATA
2-AYTYRCTCGVASGYGAST,STREME-2,NC_013967.1,801567,801584,+,8.2562,8.58E-05,1,ACTCGCGGGACGGCCAGT
2-AYTYRCTCGVASGYGAST,STREME-2,NC_013966.1,377629,377646,+,8.24793,8.61E-05,1,ACCTACTATCACAATATT
2-AYTYRCTCGVASGYGAST,STREME-2,NC_013967.1,992563,992580,+,8.24793,8.61E-05,1,ACTCGCGCGGAAATCAGA
2-AYTYRCTCGVASGYGAST,STREME-2,NC_013967.1,1741298,1741315,-,8.24793,8.61E-05,1,ACTCCCGAGGCGATGATT
2-AYTYRCTCGVASGYGAST,STREME-2,NC_013967.1,819256,819273,-,8.2314,8.67E-05,1,ATGTACGGGCGGGTGATT
2-AYTYRCTCGVASGYGAST,STREME-2,NC_013967.1,1040664,1040681,-,8.2314,8.67E-05,1,TCTCACGGGGTCGTTAGT
2-AYTYRCTCGVASGYGAST,STREME-2,NC_013967.1,2162622,2162639,-,8.2314,8.67E-05,1,ATTGAGGCGGGAGCGACT
2-AYTYRCTCGVASGYGAST,STREME-2,NC_013966.1,559951,559968,+,8.21488,8.73E-05,1,ACTCAGTCGCCGGTGACG
2-AYTYRCTCGVASGYGAST,STREME-2,NC_013967.1,917224,917241,+,8.21488,8.73E-05,1,GCTTTCGCGCGGGCGACT
2-AYTYRCTCGVASGYGAST,STREME-2,NC_013967.1,1227462,1227479,-,8.21488,8.73E-05,1,ACTCAGTCGGCCCCGAGT
2-AYTYRCTCGVASGYGAST,STREME-2,NC_013967.1,2073118,2073135,+,8.19835,8.79E-05,1,AGTCGTTATCCCGTGAGA
2-AYTYRCTCGVASGYGAST,STREME-2,NC_013966.1,180781,180798,-,8.19008,8.82E-05,1,ACTCGCTGGCCGACGACG
2-AYTYRCTCGVASGYGAST,STREME-2,NC_013967.1,989873,989890,-,8.19008,8.82E-05,1,TCTCGCTCGCACAGGAGT
2-AYTYRCTCGVASGYGAST,STREME-2,NC_013968.1,48318,48335,-,8.18182,8.85E-05,1,ACTCATTCTGTGGCGCCA
2-AYTYRCTCGVASGYGAST,STREME-2,NC_013968.1,82426,82443,-,8.18182,8.85E-05,1,ACTCATTCTGTGGCGCCA
2-AYTYRCTCGVASGYGAST,STREME-2,NC_013967.1,985791,985808,+,8.18182,8.85E-05,1,ACTTGTTGTCGCGCCAGT
2-AYTYRCTCGVASGYGAST,STREME-2,NC_013967.1,1043592,1043609,+,8.17355,8.88E-05,1,ATTTACGAGGGGACGAGC
2-AYTYRCTCGVASGYGAST,STREME-2,NC_013967.1,1356525,1356542,-,8.17355,8.88E-05,1,ACTCGCTCGCCGCGGAGT
2-AYTYRCTCGVASGYGAST,STREME-2,NC_013967.1,1946406,1946423,-,8.17355,8.88E-05,1,GCGGATTCGGAGATGAGT
2-AYTYRCTCGVASGYGAST,STREME-2,NC_013967.1,705974,705991,+,8.16529,8.91E-05,1,ACTCGCGAGCACGCTGTT
2-AYTYRCTCGVASGYGAST,STREME-2,NC_013967.1,2341472,2341489,+,8.16529,8.91E-05,1,GCTGACTCGACTCCGACT
2-AYTYRCTCGVASGYGAST,STREME-2,NC_013967.1,73613,73630,+,8.15702,8.94E-05,1,GTTCGGTCTGTCGCGATT
2-AYTYRCTCGVASGYGAST,STREME-2,NC_013966.1,63694,63711,-,8.14876,8.97E-05,1,AGTCAATCGAATACGAGT
2-AYTYRCTCGVASGYGAST,STREME-2,NC_013964.1,371036,371053,-,8.14876,8.97E-05,1,GTCGACGAGAACGTGACT
2-AYTYRCTCGVASGYGAST,STREME-2,NC_013966.1,539047,539064,-,8.1405,9.00E-05,1,ACGTGCTCGAAGGCGACG
2-AYTYRCTCGVASGYGAST,STREME-2,NC_013967.1,1121185,1121202,-,8.1405,9.00E-05,1,ACGTGCTCGAACGCGACG
2-AYTYRCTCGVASGYGAST,STREME-2,NC_013967.1,2423816,2423833,+,8.1405,9.00E-05,1,GTTGGTTCGGCCATGACA
2-AYTYRCTCGVASGYGAST,STREME-2,NC_013967.1,275824,275841,-,8.13223,9.04E-05,1,TCTCGTTGGACGGCGACT
2-AYTYRCTCGVASGYGAST,STREME-2,NC_013967.1,277384,277401,-,8.13223,9.04E-05,1,GTTGGTGCGCGAGCGACT
2-AYTYRCTCGVASGYGAST,STREME-2,NC_013966.1,32509,32526,-,8.12397,9.07E-05,1,AATCGTGAGCTCGCGACT
2-AYTYRCTCGVASGYGAST,STREME-2,NC_013966.1,336902,336919,+,8.12397,9.07E-05,1,ACCTGCGCGCCGGTGAGA
2-AYTYRCTCGVASGYGAST,STREME-2,NC_013966.1,470455,470472,+,8.12397,9.07E-05,1,ACACGTTCGAGAGCGATT
2-AYTYRCTCGVASGYGAST,STREME-2,NC_013967.1,741375,741392,+,8.12397,9.07E-05,1,ACTCGCGGACGCGCGACT
2-AYTYRCTCGVASGYGAST,STREME-2,NC_013967.1,1821347,1821364,+,8.12397,9.07E-05,1,ACTGGTGCGCCGGTGAAT
2-AYTYRCTCGVASGYGAST,STREME-2,NC_013967.1,2747373,2747390,-,8.12397,9.07E-05,1,ACTCGCGGCGGCGCGACT
2-AYTYRCTCGVASGYGAST,STREME-2,NC_013967.1,493468,493485,-,8.1157,9.11E-05,1,GCTGACTTGATGGAGATT
2-AYTYRCTCGVASGYGAST,STREME-2,NC_013967.1,828704,828721,-,8.1157,9.11E-05,1,GCTCGTTCGCGCGTGACC
2-AYTYRCTCGVASGYGAST,STREME-2,NC_013967.1,882503,882520,-,8.1157,9.11E-05,1,GCGCACTCGCCCGCGAGA
2-AYTYRCTCGVASGYGAST,STREME-2,NC_013966.1,129068,129085,+,8.10744,9.14E-05,1,ATTTAGTATGGTGAGAGA
2-AYTYRCTCGVASGYGAST,STREME-2,NC_013967.1,2671851,2671868,+,8.10744,9.14E-05,1,ACTGACTATCTCGCGGGA
2-AYTYRCTCGVASGYGAST,STREME-2,NC_013966.1,38454,38471,-,8.09091,9.21E-05,1,ACCCACGAGGAGACGAGA
2-AYTYRCTCGVASGYGAST,STREME-2,NC_013966.1,458737,458754,+,8.09091,9.21E-05,1,CCTCGTTCGCCGGCGAGA
2-AYTYRCTCGVASGYGAST,STREME-2,NC_013967.1,1489342,1489359,+,8.09091,9.21E-05,1,ACGGGCTGTATCGCGAGT
2-AYTYRCTCGVASGYGAST,STREME-2,NC_013967.1,1584675,1584692,-,8.09091,9.21E-05,1,ACTCGTCCGAAGACGCGT
2-AYTYRCTCGVASGYGAST,STREME-2,NC_013964.1,136155,136172,-,8.08264,9.24E-05,1,ACTCGCCCTCGACCGACT
2-AYTYRCTCGVASGYGAST,STREME-2,NC_013967.1,329095,329112,-,8.08264,9.24E-05,1,CCTCGCCGTCAGGCGATT
2-AYTYRCTCGVASGYGAST,STREME-2,NC_013967.1,2476865,2476882,-,8.08264,9.24E-05,1,ACCTTCTCGGGCGTGACT
2-AYTYRCTCGVASGYGAST,STREME-2,NC_013968.1,75508,75525,+,8.07438,9.27E-05,1,AGTCACGCTGTCAAGACT
2-AYTYRCTCGVASGYGAST,STREME-2,NC_013966.1,139195,139212,-,8.06612,9.30E-05,1,AGTCACTAGAGGAAGACA
2-AYTYRCTCGVASGYGAST,STREME-2,NC_013966.1,180477,180494,+,8.06612,9.30E-05,1,ACTTCCTCGTAGGCGATA
2-AYTYRCTCGVASGYGAST,STREME-2,NC_013967.1,461582,461599,+,8.06612,9.30E-05,1,ACTGGCGCGACTGTCACT
2-AYTYRCTCGVASGYGAST,STREME-2,NC_013967.1,1152656,1152673,-,8.06612,9.30E-05,1,ACTCGATGGCTTGCGAGA
2-AYTYRCTCGVASGYGAST,STREME-2,NC_013967.1,1825695,1825712,-,8.06612,9.30E-05,1,AGTGGCCCTGCCGCGAGT
2-AYTYRCTCGVASGYGAST,STREME-2,NC_013967.1,1036548,1036565,-,8.04959,9.35E-05,1,GCTCTCCCGACCGCGACT
2-AYTYRCTCGVASGYGAST,STREME-2,NC_013967.1,1084154,1084171,+,8.04959,9.35E-05,1,ACGTACCCTAAAGAGAGA
2-AYTYRCTCGVASGYGAST,STREME-2,NC_013964.1,361966,361983,-,8.04132,9.39E-05,1,GCTCGCCGGCACGTGGGT
2-AYTYRCTCGVASGYGAST,STREME-2,NC_013967.1,510934,510951,-,8.04132,9.39E-05,1,ACGTACTCGATGCCGAGT
2-AYTYRCTCGVASGYGAST,STREME-2,NC_013966.1,278990,279007,+,8.03306,9.42E-05,1,ACCCGCTCGAACGCGACG
2-AYTYRCTCGVASGYGAST,STREME-2,NC_013967.1,2323311,2323328,-,8.03306,9.42E-05,1,CCTCGCTCGAACGCGGCT
2-AYTYRCTCGVASGYGAST,STREME-2,NC_013967.1,2534476,2534493,-,8.03306,9.42E-05,1,ACTCGCTCCATGGTGAGC
2-AYTYRCTCGVASGYGAST,STREME-2,NC_013967.1,266264,266281,-,8.02479,9.46E-05,1,GTCCACTCGCGGACGACT
2-AYTYRCTCGVASGYGAST,STREME-2,NC_013966.1,487697,487714,-,8.02479,9.46E-05,1,GTTCATCCGGTTGAGACA
2-AYTYRCTCGVASGYGAST,STREME-2,NC_013967.1,902895,902912,+,8.02479,9.46E-05,1,ACTGACACGCAGGCGTGT
2-AYTYRCTCGVASGYGAST,STREME-2,NC_013967.1,2001513,2001530,-,8.02479,9.46E-05,1,ACTGCTCGGGATGTGAGT
2-AYTYRCTCGVASGYGAST,STREME-2,NC_013966.1,167176,167193,+,8.01653,9.49E-05,1,GTTCACGGTCCCGATACT
2-AYTYRCTCGVASGYGAST,STREME-2,NC_013966.1,504137,504154,+,8.01653,9.49E-05,1,ATTTCCTCGACCGTGACG
2-AYTYRCTCGVASGYGAST,STREME-2,NC_013968.1,150,167,+,8.00826,9.52E-05,1,ACTCGTTACAGGATGATT
2-AYTYRCTCGVASGYGAST,STREME-2,NC_013967.1,52110,52127,+,8.00826,9.52E-05,1,TCGTACTCGCGGGTGAGT
2-AYTYRCTCGVASGYGAST,STREME-2,NC_013964.1,164147,164164,-,8.00826,9.52E-05,1,GTTCACTGGGCGGCGGCT
2-AYTYRCTCGVASGYGAST,STREME-2,NC_013966.1,302872,302889,-,8.00826,9.52E-05,1,GTTCACTGGTCAGTTAGT
2-AYTYRCTCGVASGYGAST,STREME-2,NC_013967.1,475043,475060,+,8.00826,9.52E-05,1,GCTCGTCGTCGGGCGACT
2-AYTYRCTCGVASGYGAST,STREME-2,NC_013967.1,1725587,1725604,+,8.00826,9.52E-05,1,GCTCGTCGTCCGGCGACT
2-AYTYRCTCGVASGYGAST,STREME-2,NC_013967.1,1919045,1919062,+,8.00826,9.52E-05,1,ATCTGTGAGAACGCGATT
2-AYTYRCTCGVASGYGAST,STREME-2,NC_013967.1,2738488,2738505,-,8.00826,9.52E-05,1,CTTCACTCGGGGGTAACT
2-AYTYRCTCGVASGYGAST,STREME-2,NC_013964.1,214338,214355,-,7.99174,9.58E-05,1,ACGCGCTCGTAGACGAGT
2-AYTYRCTCGVASGYGAST,STREME-2,NC_013967.1,1998400,1998417,-,7.99174,9.58E-05,1,ATTGAGTGTGAAGCGACA
2-AYTYRCTCGVASGYGAST,STREME-2,NC_013967.1,593,610,-,7.98347,9.62E-05,1,ATCGGCTCGCCGGCGAGA
2-AYTYRCTCGVASGYGAST,STREME-2,NC_013966.1,232236,232253,-,7.97521,9.64E-05,1,ACTCACTTCGTGGCGATT
2-AYTYRCTCGVASGYGAST,STREME-2,NC_013967.1,1764015,1764032,+,7.96694,9.67E-05,1,ATTCCCTCGGCCGCCAGT
2-AYTYRCTCGVASGYGAST,STREME-2,NC_013967.1,927101,927118,+,7.95868,9.70E-05,1,ATTCACCCCGACGTGACC
2-AYTYRCTCGVASGYGAST,STREME-2,NC_013967.1,1988117,1988134,+,7.95868,9.70E-05,1,ACTTGCCGGAGCCCGACT
2-AYTYRCTCGVASGYGAST,STREME-2,NC_013964.1,86592,86609,+,7.95041,9.73E-05,1,AGTCGCTCGGTGGTGACG
2-AYTYRCTCGVASGYGAST,STREME-2,NC_013967.1,338251,338268,-,7.95041,9.73E-05,1,ACTCTCTAGAGTGCTAGA
2-AYTYRCTCGVASGYGAST,STREME-2,NC_013967.1,2125124,2125141,+,7.95041,9.73E-05,1,CTTCAATGGAAGGCGAGT
2-AYTYRCTCGVASGYGAST,STREME-2,NC_013967.1,2600541,2600558,-,7.95041,9.73E-05,1,ACGCCCTCGGTGGCGAGT
2-AYTYRCTCGVASGYGAST,STREME-2,NC_013967.1,2619541,2619558,-,7.95041,9.73E-05,1,AGTCGCTCGGTGCCGAGT
2-AYTYRCTCGVASGYGAST,STREME-2,NC_013967.1,24808,24825,+,7.94215,9.76E-05,1,ACTGGGTCGACAACGACT
2-AYTYRCTCGVASGYGAST,STREME-2,NC_013964.1,406079,406096,+,7.94215,9.76E-05,1,ATTCGCTCTTTGGTCACT
2-AYTYRCTCGVASGYGAST,STREME-2,NC_013967.1,971611,971628,-,7.94215,9.76E-05,1,ACGGGCGCGCACATGATT
2-AYTYRCTCGVASGYGAST,STREME-2,NC_013967.1,2732484,2732501,+,7.94215,9.76E-05,1,ACCTGCTCGACGACGAGA
2-AYTYRCTCGVASGYGAST,STREME-2,NC_013968.1,32566,32583,-,7.92562,9.84E-05,1,ATGGACTCGCCCGTTAGA
2-AYTYRCTCGVASGYGAST,STREME-2,NC_013967.1,2647411,2647428,-,7.92562,9.84E-05,1,AGTCACCCGCAAGTAACT
2-AYTYRCTCGVASGYGAST,STREME-2,NC_013967.1,236913,236930,-,7.91736,9.88E-05,1,ACTCACTCTCACTTTCGT
2-AYTYRCTCGVASGYGAST,STREME-2,NC_013966.1,345975,345992,-,7.91736,9.88E-05,1,GCTCGCGCGGTAAATAGT
2-AYTYRCTCGVASGYGAST,STREME-2,NC_013967.1,2678630,2678647,+,7.91736,9.88E-05,1,GTTCACCCTGACGAGCCT
2-AYTYRCTCGVASGYGAST,STREME-2,NC_013967.1,11922,11939,-,7.90909,9.91E-05,1,GCTGGTCAGAGAGCGAGT
2-AYTYRCTCGVASGYGAST,STREME-2,NC_013964.1,326974,326991,-,7.90909,9.91E-05,1,GCTCGCCGGGGAGCGAGA
2-AYTYRCTCGVASGYGAST,STREME-2,NC_013967.1,1772612,1772629,-,7.90909,9.91E-05,1,GCTCGCCGGGGAGCGAGA
2-AYTYRCTCGVASGYGAST,STREME-2,NC_013967.1,1891492,1891509,+,7.90083,9.95E-05,1,ACCCATCATACCGTGAGT
2-AYTYRCTCGVASGYGAST,STREME-2,NC_013967.1,1542765,1542782,+,7.89256,9.99E-05,1,ACGCGTTCGGGCGCGAGA
2-AYTYRCTCGVASGYGAST,STREME-2,NC_013967.1,1968031,1968048,+,7.89256,9.99E-05,1,GCCGACGAGGACGCGAGT
2-AYTYRCTCGVASGYGAST,STREME-2,NC_013967.1,2030932,2030949,+,7.89256,9.99E-05,1,ACGCGTTCGGCGGCGAGA
