seqnames,start,end,width,strand,motif_id,motif_alt_id,score,p.value,q.value,matched_sequence,type,overlap,locus_tag,acc,old_locus_tag,annotation
NC_013964.1,436468,436483,16,-,5-WTACTMRCYWTMGAGT,STREME-5,15.6715,2.46e-6,0.781,TTACTCGCTATGGCGT,promoter,9,HVO_RS01835,WP_004041154.1,HVO_B0381,thiaminase II
NC_013966.1,189896,189911,16,-,5-WTACTMRCYWTMGAGT,STREME-5,17.8613,6.09e-7,0.444,ATACTGGCTATCGCAT,promoter,16,HVO_RS02710,WP_004043114.1,HVO_A0189,hypothetical protein
NC_013967.1,396470,396485,16,+,5-WTACTMRCYWTMGAGT,STREME-5,17.4015,8.38e-7,0.527,GTACTCATTATCGTGT,promoter,0,HVO_RS06845,WP_004044478.1,HVO_0446,phosphonate ABC transporter ATP-binding protein
NC_013967.1,426531,426546,16,+,5-WTACTMRCYWTMGAGT,STREME-5,15.7737,2.33e-6,0.781,TCACTCGCCCGAGAGT,promoter,0,HVO_RS07005,WP_004044445.1,HVO_0477,aminopeptidase
NC_013967.1,426531,426546,16,+,5-WTACTMRCYWTMGAGT,STREME-5,15.7737,2.33e-6,0.781,TCACTCGCCCGAGAGT,promoter,16,HVO_RS07010,WP_013035627.1,HVO_0478,type II glyceraldehyde-3-phosphate dehydrogenase
NC_013967.1,430972,430987,16,+,5-WTACTMRCYWTMGAGT,STREME-5,17.3066,8.91e-7,0.527,TCACTCATGTTCGAGT,promoter,0,HVO_RS07030,WP_004044440.1,HVO_0481,type I glyceraldehyde-3-phosphate dehydrogenase
NC_013967.1,461843,461858,16,-,5-WTACTMRCYWTMGAGT,STREME-5,15.8759,2.19e-6,0.781,AGACTGGCTATCGCGT,promoter,0,HVO_RS07260,WP_004044400.1,HVO_0530,ABC transporter substrate-binding protein
NC_013967.1,726373,726388,16,-,5-WTACTMRCYWTMGAGT,STREME-5,14.2628,5.36e-6,0.942,TTACTCGGCACCGAGT,promoter,16,HVO_RS08565,WP_004044130.1,HVO_0806,pyruvate kinase
NC_013967.1,733926,733941,16,-,5-WTACTMRCYWTMGAGT,STREME-5,22.2482,9.62e-9,0.0257,ATACTCGCCTTCGAGT,promoter,16,HVO_RS08595,WP_004044124.1,HVO_0812,phosphoenolpyruvate synthase
NC_013967.1,753889,753904,16,-,5-WTACTMRCYWTMGAGT,STREME-5,15.0438,3.5e-6,0.884,TGACTAACGTGCGAAT,promoter,0,HVO_RS08710,WP_004044100.1,HVO_0836,M28 family peptidase
NC_013967.1,795002,795017,16,-,5-WTACTMRCYWTMGAGT,STREME-5,14.1314,5.73e-6,0.958,ACACTCGTTCGAGAGT,promoter,0,HVO_RS08900,WP_004044061.1,HVO_0876,methylglyoxal synthase
NC_013967.1,859850,859865,16,-,5-WTACTMRCYWTMGAGT,STREME-5,17.2628,9.2e-7,0.527,TTACTACATATAGTAT,promoter,16,HVO_RS09245,WP_004043996.1,HVO_0949,hypothetical protein
NC_013967.1,859850,859865,16,-,5-WTACTMRCYWTMGAGT,STREME-5,17.2628,9.2e-7,0.527,TTACTACATATAGTAT,promoter,0,HVO_RS09250,WP_004043995.1,HVO_0950,bifunctional 4-hydroxy-2-oxoglutarate aldolase/2-dehydro-3-deoxy-phosphogluconate aldolase
NC_013967.1,988679,988694,16,-,5-WTACTMRCYWTMGAGT,STREME-5,23.1971,2.68e-9,0.0191,TTACTCACTATAGAAT,promoter,16,HVO_RS09900,WP_004043855.1,HVO_1083,glucose 1-dehydrogenase
NC_013967.1,998312,998327,16,+,5-WTACTMRCYWTMGAGT,STREME-5,18.2701,4.55e-7,0.365,TCACTCGAAATCGAGT,promoter,0,HVO_RS09940,WP_004043847.1,HVO_1091,archaeal proteasome endopeptidase complex subunit alpha
NC_013967.1,1124115,1124130,16,-,5-WTACTMRCYWTMGAGT,STREME-5,22.7737,4.76e-9,0.0191,TTACTCACCTTCGAGT,promoter,0,HVO_RS10625,WP_004043709.1,HVO_1233,cold shock domain-containing protein
NC_013967.1,1141046,1141061,16,+,5-WTACTMRCYWTMGAGT,STREME-5,21.9124,1.39e-8,0.0279,TTACTCGATTTAGAAT,promoter,0,HVO_RS10720,WP_004043690.1,HVO_1251,hypothetical protein
NC_013967.1,1141046,1141061,16,+,5-WTACTMRCYWTMGAGT,STREME-5,21.9124,1.39e-8,0.0279,TTACTCGATTTAGAAT,promoter,16,HVO_RS10725,WP_004043689.1,HVO_1252,hypothetical protein
NC_013967.1,1208996,1209011,16,+,5-WTACTMRCYWTMGAGT,STREME-5,15.6204,2.53e-6,0.781,TCACTCGAAACAGAGT,promoter,16,HVO_RS11095,WP_004043610.1,HVO_1328,hypothetical protein
NC_013967.1,1359251,1359266,16,-,5-WTACTMRCYWTMGAGT,STREME-5,18.5912,3.58e-7,0.365,TTACTAACGTCCGAGT,promoter,16,HVO_RS11885,WP_004043447.1,HVO_1488,mandelate racemase/muconate lactonizing enzyme family protein
NC_013967.1,2301813,2301828,16,-,5-WTACTMRCYWTMGAGT,STREME-5,18.3285,4.35e-7,0.365,TCACTCACTTGCGAGT,promoter,6,HVO_RS16420,WP_004042326.1,HVO_2433,COX15/CtaA family protein
NC_013967.1,2469862,2469877,16,+,5-WTACTMRCYWTMGAGT,STREME-5,18.5839,3.61e-7,0.365,GTACTCGTATTCGAGT,promoter,0,HVO_RS17350,WP_004042721.1,HVO_2620,hypothetical protein
NC_013967.1,2469862,2469877,16,+,5-WTACTMRCYWTMGAGT,STREME-5,18.5839,3.61e-7,0.365,GTACTCGTATTCGAGT,promoter,16,HVO_RS17355,WP_004042722.1,HVO_2621,phosphoenolpyruvate carboxylase
NC_013967.1,2534411,2534426,16,-,5-WTACTMRCYWTMGAGT,STREME-5,15.8832,2.16e-6,0.781,TTACTGAAATCCGAGT,promoter,0,HVO_RS17680,WP_004042859.1,HVO_2688,TrmB family transcriptional regulator
NC_013967.1,2666154,2666169,16,-,5-WTACTMRCYWTMGAGT,STREME-5,14.2482,5.4e-6,0.942,ACACTCCTTAGAGAGT,promoter,16,HVO_RS18385,WP_013035120.1,HVO_2830,IS4-like element ISHvo12 family transposase
NC_013967.1,2675680,2675695,16,-,5-WTACTMRCYWTMGAGT,STREME-5,15.0146,3.56e-6,0.884,ACACTAACCATCGCAT,promoter,0,HVO_RS18435,WP_236995476.1,HVO_2840,ATP-binding protein
NC_013968.1,48433,48448,16,-,5-WTACTMRCYWTMGAGT,STREME-5,14.9124,3.76e-6,0.884,ATACTCGTCCTCGCAT,promoter,0,HVO_RS21125,WP_013035732.1,HVO_C0049,hypothetical protein
