seqnames,motif_start,motif_end,width,strand,motif_id,motif_alt_id,p.value,q.value,matched_sequence,type,feature_start,feature_end,locus_tag,acc,old_locus_tag,annotation
NC_013967.1,988679,988694,16,-,5-WTACTMRCYWTMGAGT,STREME-5,2.68e-9,0.0191,TTACTCACTATAGAAT,promoter,988645,988894,HVO_RS09900,WP_004043855.1,HVO_1083,glucose 1-dehydrogenase
NC_013967.1,1124115,1124130,16,+,5-WTACTMRCYWTMGAGT,STREME-5,4.76e-9,0.0191,TTACTCACCTTCGAGT,promoter,1124116,1124200,HVO_RS10625,WP_004043709.1,HVO_1233,cold shock domain-containing protein
NC_013967.1,733926,733941,16,-,5-WTACTMRCYWTMGAGT,STREME-5,9.62e-9,0.0257,ATACTCGCCTTCGAGT,promoter,733858,733974,HVO_RS08595,WP_004044124.1,HVO_0812,phosphoenolpyruvate synthase
NC_013967.1,1141046,1141061,16,-,5-WTACTMRCYWTMGAGT,STREME-5,1.39e-8,0.0279,TTACTCGATTTAGAAT,promoter,1140955,1141151,HVO_RS10720,WP_004043690.1,HVO_1251,hypothetical protein
NC_013967.1,1141046,1141061,16,+,5-WTACTMRCYWTMGAGT,STREME-5,1.39e-8,0.0279,TTACTCGATTTAGAAT,promoter,1140955,1141151,HVO_RS10725,WP_004043689.1,HVO_1252,hypothetical protein
NC_013966.1,246816,246831,16,-,5-WTACTMRCYWTMGAGT,STREME-5,2.46e-8,0.0394,TTACTCGTCTTCGAGT,gene,246816,247001,HVO_RS02930,WP_004043160.1,HVO_A0243,hypothetical protein
NC_013967.1,1359251,1359266,16,-,5-WTACTMRCYWTMGAGT,STREME-5,3.58e-7,0.365,TTACTAACGTCCGAGT,promoter,1359239,1359322,HVO_RS11885,WP_004043447.1,HVO_1488,mandelate racemase/muconate lactonizing enzyme family protein
NC_013967.1,2469862,2469877,16,-,5-WTACTMRCYWTMGAGT,STREME-5,3.61e-7,0.365,GTACTCGTATTCGAGT,promoter,2469669,2469880,HVO_RS17350,WP_004042721.1,HVO_2620,hypothetical protein
NC_013967.1,2469862,2469877,16,+,5-WTACTMRCYWTMGAGT,STREME-5,3.61e-7,0.365,GTACTCGTATTCGAGT,promoter,2469669,2469880,HVO_RS17355,WP_004042722.1,HVO_2621,phosphoenolpyruvate carboxylase
NC_013967.1,1386695,1386710,16,-,5-WTACTMRCYWTMGAGT,STREME-5,4.26e-7,0.365,ATACTCGCAAGAGAAT,gene,1386375,1387490,HVO_RS20150,WP_004041400.1,HVO_1523,glycoprotein pentasaccharide biosynthesis putative isomerase AglQ
NC_013967.1,2301813,2301828,16,+,5-WTACTMRCYWTMGAGT,STREME-5,4.35e-7,0.365,TCACTCACTTGCGAGT,gene,2301770,2303038,HVO_RS16425,WP_004042327.1,HVO_2434,RNA-guided endonuclease TnpB family protein
NC_013967.1,998312,998327,16,-,5-WTACTMRCYWTMGAGT,STREME-5,4.55e-7,0.365,TCACTCGAAATCGAGT,gene,998312,998791,HVO_RS09945,WP_004043846.1,HVO_1092,Rpp14/Pop5 family protein
NC_013966.1,189896,189911,16,-,5-WTACTMRCYWTMGAGT,STREME-5,6.09e-7,0.444,ATACTGGCTATCGCAT,promoter,189825,189972,HVO_RS02710,WP_004043114.1,HVO_A0189,hypothetical protein
NC_013967.1,396470,396485,16,-,5-WTACTMRCYWTMGAGT,STREME-5,8.38e-7,0.527,GTACTCATTATCGTGT,promoter,396478,396572,HVO_RS06845,WP_004044478.1,HVO_0446,phosphonate ABC transporter ATP-binding protein
NC_013967.1,396470,396485,16,-,5-WTACTMRCYWTMGAGT,STREME-5,8.38e-7,0.527,GTACTCATTATCGTGT,gene,395674,396477,HVO_RS06845,WP_004044478.1,HVO_0446,phosphonate ABC transporter ATP-binding protein
NC_013967.1,430972,430987,16,-,5-WTACTMRCYWTMGAGT,STREME-5,8.91e-7,0.527,TCACTCATGTTCGAGT,promoter,430980,431229,HVO_RS07030,WP_004044440.1,HVO_0481,type I glyceraldehyde-3-phosphate dehydrogenase
NC_013967.1,430972,430987,16,-,5-WTACTMRCYWTMGAGT,STREME-5,8.91e-7,0.527,TCACTCATGTTCGAGT,gene,429927,430979,HVO_RS07030,WP_004044440.1,HVO_0481,type I glyceraldehyde-3-phosphate dehydrogenase
NC_013967.1,859850,859865,16,-,5-WTACTMRCYWTMGAGT,STREME-5,9.2e-7,0.527,TTACTACATATAGTAT,promoter,859730,859879,HVO_RS09245,WP_004043996.1,HVO_0949,hypothetical protein
NC_013967.1,859850,859865,16,+,5-WTACTMRCYWTMGAGT,STREME-5,9.2e-7,0.527,TTACTACATATAGTAT,promoter,859730,859879,HVO_RS09250,WP_004043995.1,HVO_0950,bifunctional 4-hydroxy-2-oxoglutarate aldolase/2-dehydro-3-deoxy-phosphogluconate aldolase
NC_013964.1,132853,132868,16,+,5-WTACTMRCYWTMGAGT,STREME-5,1.01e-6,0.543,TTCCTCGCTTTCGAGT,gene,131561,133510,HVO_RS00570,WP_004041038.1,HVO_B0118,AAA family ATPase
NC_013966.1,207618,207633,16,+,5-WTACTMRCYWTMGAGT,STREME-5,1.12e-6,0.56,TCACTGACAATAGAAT,intergenic,204817,207703,NA,NA,NA,NA
NC_013967.1,620128,620143,16,+,5-WTACTMRCYWTMGAGT,STREME-5,1.74e-6,0.781,GTACTGCTTTTCGAGT,gene,617591,621313,HVO_RS08015,WP_004044246.1,HVO_0689,chromosome segregation protein SMC
NC_013967.1,2534411,2534426,16,+,5-WTACTMRCYWTMGAGT,STREME-5,2.16e-6,0.781,TTACTGAAATCCGAGT,promoter,2534330,2534458,HVO_RS17680,WP_004042859.1,HVO_2688,TrmB family transcriptional regulator
NC_013967.1,461843,461858,16,+,5-WTACTMRCYWTMGAGT,STREME-5,2.19e-6,0.781,AGACTGGCTATCGCGT,promoter,461804,462053,HVO_RS07260,WP_004044400.1,HVO_0530,ABC transporter substrate-binding protein
NC_013967.1,426531,426546,16,-,5-WTACTMRCYWTMGAGT,STREME-5,2.33e-6,0.781,TCACTCGCCCGAGAGT,promoter,426416,426604,HVO_RS07005,WP_004044445.1,HVO_0477,aminopeptidase
NC_013967.1,426531,426546,16,+,5-WTACTMRCYWTMGAGT,STREME-5,2.33e-6,0.781,TCACTCGCCCGAGAGT,promoter,426416,426604,HVO_RS07010,WP_013035627.1,HVO_0478,type II glyceraldehyde-3-phosphate dehydrogenase
NC_013967.1,728106,728121,16,-,5-WTACTMRCYWTMGAGT,STREME-5,2.33e-6,0.781,TCACTGGCCTCCGAGT,gene,727241,729463,HVO_RS08580,WP_004044127.1,HVO_0809,methionine--tRNA ligase
NC_013964.1,2416,2431,16,+,5-WTACTMRCYWTMGAGT,STREME-5,2.35e-6,0.781,AGACTCGCGTTCGCGT,gene,1555,2712,HVO_RS00010,WP_004041151.1,HVO_B0002,M20 family metallopeptidase
NC_013964.1,436468,436483,16,-,5-WTACTMRCYWTMGAGT,STREME-5,2.46e-6,0.781,TTACTCGCTATGGCGT,promoter,436475,436724,HVO_RS01835,WP_004041154.1,HVO_B0381,thiaminase II
NC_013964.1,436468,436483,16,-,5-WTACTMRCYWTMGAGT,STREME-5,2.46e-6,0.781,TTACTCGCTATGGCGT,gene,435809,436474,HVO_RS01835,WP_004041154.1,HVO_B0381,thiaminase II
NC_013967.1,1208996,1209011,16,+,5-WTACTMRCYWTMGAGT,STREME-5,2.53e-6,0.781,TCACTCGAAACAGAGT,promoter,1208917,1209016,HVO_RS11095,WP_004043610.1,HVO_1328,hypothetical protein
NC_013964.1,86432,86447,16,-,5-WTACTMRCYWTMGAGT,STREME-5,2.53e-6,0.781,TGACTGACTACCGAAT,gene,84904,86448,HVO_RS00365,WP_004041079.1,HVO_B0076,hydantoinase/oxoprolinase family protein
NC_013964.1,86432,86447,16,-,5-WTACTMRCYWTMGAGT,STREME-5,2.53e-6,0.781,TGACTGACTACCGAAT,gene,86441,87532,HVO_RS00370,WP_004041078.1,HVO_B0077,DUF917 domain-containing protein
NC_013967.1,1945822,1945837,16,+,5-WTACTMRCYWTMGAGT,STREME-5,2.63e-6,0.781,TTACTCGCGTACGAGT,gene,1945564,1947240,HVO_RS14730,WP_236995466.1,HVO_2086,histidine kinase N-terminal 7TM domain-containing protein
NC_013967.1,2129123,2129138,16,+,5-WTACTMRCYWTMGAGT,STREME-5,2.63e-6,0.781,GGACTCGCTACCGAAT,gene,2128977,2130371,HVO_RS20260,WP_013035257.1,HVO_2270,type I restriction-modification system subunit M
NC_013967.1,1939474,1939489,16,+,5-WTACTMRCYWTMGAGT,STREME-5,2.82e-6,0.809,GGACTGGATTTCGAGT,gene,1938116,1941178,HVO_RS14705,WP_004041964.1,HVO_2081,right-handed parallel beta-helix repeat-containing protein
NC_013967.1,1870697,1870712,16,+,5-WTACTMRCYWTMGAGT,STREME-5,3.12e-6,0.837,TTTCTCGCCATCGAAT,gene,1870247,1871404,HVO_RS14435,WP_004041910.1,HVO_2025,PAS domain-containing protein
NC_013967.1,2738993,2739008,16,+,5-WTACTMRCYWTMGAGT,STREME-5,3.13e-6,0.837,ATACTCGAACTCGCGT,gene,2738778,2740652,HVO_RS18735,WP_004044719.1,HVO_2902,Glu-tRNA(Gln) amidotransferase subunit GatE
NC_013967.1,753889,753904,16,-,5-WTACTMRCYWTMGAGT,STREME-5,3.5e-6,0.884,TGACTAACGTGCGAAT,gene,752739,753905,HVO_RS08705,WP_004044101.1,HVO_0835,thiolase domain-containing protein
NC_013967.1,2675680,2675695,16,+,5-WTACTMRCYWTMGAGT,STREME-5,3.56e-6,0.884,ACACTAACCATCGCAT,gene,2675352,2675705,HVO_RS18430,WP_004044657.1,HVO_2839,winged helix-turn-helix domain-containing protein
NC_013968.1,48433,48448,16,+,5-WTACTMRCYWTMGAGT,STREME-5,3.76e-6,0.884,ATACTCGTCCTCGCAT,promoter,48320,48569,HVO_RS21125,WP_013035732.1,HVO_C0049,hypothetical protein
NC_013968.1,82541,82556,16,+,5-WTACTMRCYWTMGAGT,STREME-5,3.76e-6,0.884,ATACTCGTCCTCGCAT,gene,82305,82625,HVO_RS21380,WP_236995495.1,NA,hypothetical protein
NC_013964.1,157600,157615,16,+,5-WTACTMRCYWTMGAGT,STREME-5,3.87e-6,0.884,TCACTGACTCTCGTGT,gene,156528,157784,HVO_RS00685,WP_004041015.1,HVO_B0141,PQQ-binding-like beta-propeller repeat protein
NC_013967.1,791733,791748,16,-,5-WTACTMRCYWTMGAGT,STREME-5,4.02e-6,0.884,GGACTCGCGTTCGTGT,intergenic,791675,791826,NA,NA,NA,NA
NC_013967.1,768638,768653,16,+,5-WTACTMRCYWTMGAGT,STREME-5,4.07e-6,0.884,GTACTCGCCGTCGAGT,gene,766356,769037,HVO_RS08790,WP_013035478.1,HVO_0854,DNA double-strand break repair ATPase Rad50
NC_013966.1,85685,85700,16,+,5-WTACTMRCYWTMGAGT,STREME-5,4.43e-6,0.932,GTACTCCAACTCGAGT,gene,85338,86798,HVO_RS02260,WP_004043355.1,HVO_A0085,hypothetical protein
NC_013967.1,2225300,2225315,16,+,5-WTACTMRCYWTMGAGT,STREME-5,4.53e-6,0.932,GTACTCGGCTTCGAGT,gene,2223975,2227223,HVO_RS16065,WP_004042250.1,HVO_2361,carbamoyl-phosphate synthase large subunit
NC_013964.1,18661,18676,16,+,5-WTACTMRCYWTMGAGT,STREME-5,4.67e-6,0.938,AGACTCGAAATCGCGT,gene,18522,19892,HVO_RS00085,WP_013034953.1,HVO_B0019,anion permease
NC_013966.1,125747,125762,16,+,5-WTACTMRCYWTMGAGT,STREME-5,5.14e-6,0.942,GTACTCCTCTGCGAGT,gene,124782,125963,HVO_RS02440,WP_013035127.1,HVO_A0127,tryptophan--tRNA ligase
NC_013967.1,2558710,2558725,16,+,5-WTACTMRCYWTMGAGT,STREME-5,5.14e-6,0.942,GTACTCCTCTGCGAGT,gene,2557868,2559328,HVO_RS17800,WP_004042908.1,HVO_2712,RtcB family protein
NC_013966.1,336441,336456,16,-,5-WTACTMRCYWTMGAGT,STREME-5,5.29e-6,0.942,GGACTCGCGTCCGAGT,gene,336439,338493,HVO_RS03315,WP_013035125.1,HVO_A0326,beta-galactosidase
NC_013967.1,726373,726388,16,-,5-WTACTMRCYWTMGAGT,STREME-5,5.36e-6,0.942,TTACTCGGCACCGAGT,promoter,726332,726445,HVO_RS08565,WP_004044130.1,HVO_0806,pyruvate kinase
NC_013967.1,2162930,2162945,16,-,5-WTACTMRCYWTMGAGT,STREME-5,5.36e-6,0.942,TTACTCAAATCCGCAT,gene,2162911,2163216,HVO_RS20630,WP_144064049.1,NA,hypothetical protein
NC_013967.1,2666154,2666169,16,-,5-WTACTMRCYWTMGAGT,STREME-5,5.4e-6,0.942,ACACTCCTTAGAGAGT,promoter,2666001,2666250,HVO_RS18385,WP_013035120.1,HVO_2830,IS4-like element ISHvo12 family transposase
NC_013966.1,300876,300891,16,+,5-WTACTMRCYWTMGAGT,STREME-5,5.56e-6,0.95,AGACTCGACTTCGCAT,gene,299913,300899,HVO_RS03145,WP_069641596.1,HVO_A0291,hypothetical protein
NC_013967.1,795002,795017,16,+,5-WTACTMRCYWTMGAGT,STREME-5,5.73e-6,0.958,ACACTCGTTCGAGAGT,promoter,794960,795022,HVO_RS08900,WP_004044061.1,HVO_0876,methylglyoxal synthase
